id,Date,Reporter,Title,Pool Report,Off the Record,Other type?,Phone Present,Auto- Redact,Manual Redact,Email Present,Auto- Redact,Manual Redact,Address Present,Auto- Redact,Manual Redact,Review Complete,Publish,Comments
0,"Thu, 8 Apr 2021 12:33:11 -0400",Chris Johnson,Pool Report #3 - event concludes,TRUE,FALSE,,,,,,,,,,,1,1,
1,"Thu, 8 Apr 2021 11:59:56 -0400",Chris Johnson,Pool Report #2a - clarification,TRUE,FALSE,,,,,,,,,,,1,1,
2,"Thu, 8 Apr 2021 11:56:41 -0400",Chris Johnson,Pool Report #2 - event begins,TRUE,FALSE,,,,,,,,,,,1,1,
3,"Thu, 8 Apr 2021 11:52:54 -0400",Chris Johnson,Pool Note #2 - two min warning,TRUE,FALSE,,,,,,,,,,,1,1,
4,"Thu, 8 Apr 2021 11:51:40 -0400",Chris Johnson,Pool Note - still waiting,TRUE,FALSE,,,,,,,,,,,1,1,
5,"Thu, 8 Apr 2021 09:51:34 -0400",Chris Johnson,"Pool Report #1 - Checking in, Rose Garden event attendees",TRUE,FALSE,,,,,,,,,,,1,1,
6,"Wed, 7 Apr 2021 19:04:59 +0000",Bricio Segovia,FLOTUS Pool Report #9: Tour and WH arrival,TRUE,FALSE,,1,1,,,,,,,,1,1,
7,"Wed, 7 Apr 2021 14:38:24 -0400",Alex Leary,in-town print pool #9 (lid),TRUE,FALSE,,1,1,,,,,,,,1,1,
8,"Wed, 7 Apr 2021 14:30:47 -0400",Alex Leary,In-town print pool #8 (POTUS concludes),TRUE,FALSE,,1,1,,,,,,,,1,1,
9,"Wed, 7 Apr 2021 14:05:32 -0400",Alex Leary,In-town print pool #7 (POTUS begins),TRUE,FALSE,,1,1,,,,,,,,1,1,
10,"Wed, 7 Apr 2021 14:02:22 -0400",Alex Leary,In-town print pool #6 (2 min warning),TRUE,FALSE,,1,1,,,,,,,,1,1,
11,"Wed, 7 Apr 2021 13:48:24 -0400",Alex Leary,In-town print pool #5 (holding for POTUS),TRUE,FALSE,,1,1,,,,,,,,1,1,
12,"Wed, 7 Apr 2021 13:36:35 -0400",Alex Leary,In-town print pool #4 (briefing over),TRUE,FALSE,,1,1,,,,,,,,1,1,
13,"Wed, 7 Apr 2021 17:34:25 +0000",Bricio Segovia,FLOTUS Pool Report #8: Military OneSource Arrival,TRUE,FALSE,,1,1,,,,,,,,1,1,
14,"Wed, 7 Apr 2021 17:21:22 +0000",Bricio Segovia,FLOTUS Pool Report #7: Motorcade rolling,TRUE,FALSE,,1,1,,,,,,,,1,1,
15,"Wed, 7 Apr 2021 17:00:34 +0000",Bricio Segovia,FLOTUS Pool Report #6: Holding in press vans,TRUE,FALSE,,1,1,,,,,,,,1,1,
16,"Wed, 7 Apr 2021 16:44:44 +0000",Bricio Segovia,FLOTUS Pool Report #5: Remarks as delivered,TRUE,FALSE,,1,1,,,,,,,,1,1,
17,"Wed, 7 Apr 2021 16:39:44 +0000",Bricio Segovia,FLOTUS Pool Report #4: More remarks + Color,TRUE,FALSE,,1,1,,,,,,,,1,1,
18,"Wed, 7 Apr 2021 12:19:21 -0400",Alex Leary,In-town print pool #3 (2 min warning),TRUE,FALSE,,1,1,,,,,,,,1,1,
19,"Wed, 7 Apr 2021 15:43:47 +0000",Bricio Segovia,FLOTUS Pool Report #3: FLOTUS Excerpts / Event begins,TRUE,FALSE,,1,1,,,,,,,,1,1,
20,"Wed, 7 Apr 2021 15:33:04 +0000",Bricio Segovia,FLOTUS Pool Report #2: Pool waiting,TRUE,FALSE,,1,1,,,,,,,,1,1,
21,"Wed, 7 Apr 2021 11:19:19 -0400",Alex Leary,In-town print pool #2 (lunch lid 'till noon),TRUE,FALSE,,1,1,,,,,,,,1,1,
22,"Wed, 7 Apr 2021 15:09:33 +0000",Bricio Segovia,FLOTUS Pool Report #1: Checking-in,TRUE,FALSE,,1,1,,,,,,,,1,1,
23,"Wed, 7 Apr 2021 10:11:21 -0400",Alex Leary,In-town pool report #1 (checking in),TRUE,FALSE,,1,1,,,,,,,,1,1,
24,"Tue, 6 Apr 2021 19:23:31 -0400",Isaac Dovere,VP pool report #4,TRUE,FALSE,, , ,,,,,,,,1,1,
25,"Tue, 6 Apr 2021 16:14:48 -0500",Isaac Dovere,VP pool report #3,TRUE,FALSE,, , ,,,,,,,,1,1,
26,"Tue, 6 Apr 2021 20:54:37 +0000",Courtney Subramanian,In-Town Pool Report #20 - Fuller quotes,TRUE,FALSE,,1,1,,,,,,,,1,1,
27,"Tue, 6 Apr 2021 20:49:30 +0000",Courtney Subramanian,In-Town Pool Report #19 - Travel/photo lid,TRUE,FALSE,,1,1,,,,,,,,1,1,
28,"Tue, 6 Apr 2021 20:32:31 +0000",Courtney Subramanian,In-Town Pool Report #18 - Remarks end,TRUE,FALSE,,1,1,,,,,,,,1,1,
29,"Tue, 6 Apr 2021 20:11:12 +0000",Courtney Subramanian,In-Town Pool Report #17 - POTUS begins remarks,TRUE,FALSE,,1,1,,,,,,,,1,1,
30,"Tue, 6 Apr 2021 20:08:31 +0000",Courtney Subramanian,In-Town Pool Report #16 - Two-minute warning for POTUS remarks,TRUE,FALSE,,1,1,,,,,,,,1,1,
31,"Tue, 6 Apr 2021 19:36:08 +0000",Courtney Subramanian,In-Town Pool Report #15 - More quotes from vaccination site event,TRUE,FALSE,,1,1,,,,,,,,1,1,
32,"Tue, 6 Apr 2021 14:30:51 -0500",Isaac Dovere,VP pool report #2,TRUE,FALSE,, , ,,,,,,,,1,1,
33,"Tue, 6 Apr 2021 19:05:44 +0000",Courtney Subramanian,In-Town Pool Report #14 - WH arrival,TRUE,FALSE,,1,1,,,,,,,,1,1,
34,"Tue, 6 Apr 2021 18:52:29 +0000",Courtney Subramanian,In-Town Pool Report #13 - Motorcade rolling,TRUE,FALSE,,1,1,,,,,,,,1,1,
35,"Tue, 6 Apr 2021 18:31:54 +0000",Courtney Subramanian,In-Town Pool Report #12 - more color from tour,TRUE,FALSE,,1,1,,,,,,,,1,1,
36,"Tue, 6 Apr 2021 18:25:22 +0000",Courtney Subramanian,In-Town Pool Report #11 -POTUS arrival,TRUE,FALSE,,1,1,,,,,,,,1,1,
37,"Tue, 6 Apr 2021 18:18:57 +0000",Courtney Subramanian,In-Town Pool Report #10 - Chapel vaccination site,TRUE,FALSE,,1,1,,,,,,,,1,1,
38,"Tue, 6 Apr 2021 18:11:10 +0000",Courtney Subramanian,In-Town Pool Report #9  - Vaccination site arrival,TRUE,FALSE,,1,1,,,,,,,,1,1,
39,"Tue, 6 Apr 2021 13:02:27 -0500",Isaac Dovere,VP pool report #1,TRUE,FALSE,, , ,,,,,,,,1,1,
40,"Tue, 6 Apr 2021 17:55:38 +0000",Courtney Subramanian,In-Town Pool Report #8 -  White House departure,TRUE,FALSE,,1,1,,,,,,,,1,1,
41,"Tue, 6 Apr 2021 17:38:09 +0000",Courtney Subramanian,In-Town Pool Report #7 - Holding in press vans,TRUE,FALSE,,1,1,,,,,,,,1,1,
42,"Tue, 6 Apr 2021 17:11:05 +0000",Courtney Subramanian,In-Town Pool Report #6 - Pool holding,TRUE,FALSE,,1,1,,,,,,,,1,1,
43,"Tue, 6 Apr 2021 16:59:57 +0000",Courtney Subramanian,In-Town Pool Report #5 - Briefing ends,TRUE,FALSE,,1,1,,,,,,,,1,1,
44,"Tue, 6 Apr 2021 16:15:44 +0000",Courtney Subramanian,In-Town Pool Report #4 - Briefing begins,TRUE,FALSE,,1,1,,,,,,,,1,1,
45,"Tue, 6 Apr 2021 16:13:54 +0000",Courtney Subramanian,In-Town Pool Report #3 - Two-minute warning,TRUE,FALSE,,1,1,,,,,,,,1,1,
46,"Tue, 6 Apr 2021 15:01:17 +0000",Courtney Subramanian,In-Town Pool Report #2 - Lunch lid,TRUE,FALSE,,1,1,,,,,,,,1,1,
47,"Tue, 6 Apr 2021 14:16:52 +0000",Courtney Subramanian,In-Town Pool Report #1 - No schedule changes,TRUE,FALSE,,1,1,,,,,,,,1,1,
48,"Tue, 6 Apr 2021 00:27:31 +0000",Michelle Maxwell,SGOTUS pool report #3,TRUE,FALSE,,,,,,,,,,,1,1,
49,"Mon, 5 Apr 2021 23:06:30 +0000",Michelle Maxwell,FW: SGOTUS pool report #2,TRUE,FALSE,,,,,,,,,,,1,1,
50,"Mon, 5 Apr 2021 15:59:33 -0700",Isaac Dovere,VP pool report #4,TRUE,FALSE,, , ,,,,,,,,1,1,
51,"Mon, 5 Apr 2021 21:22:27 +0000",Michelle Maxwell,SGOTUS pool report #1,TRUE,FALSE,,1,1,,1,1,,1,,1,1,1,
52,"Mon, 5 Apr 2021 12:36:18 -0700",Isaac Dovere,VP Pool report #3,TRUE,FALSE,, , ,,,,,,,,1,1,
53,"Mon, 5 Apr 2021 15:25:41 -0400",Brian Bennett,In town pool report #8 - lid,TRUE,FALSE,,1,1,,,,,,,,1,1,
54,"Mon, 5 Apr 2021 18:43:19 +0000",Zeke Miller,COVID-19 Notice,FALSE,FALSE,,,,,,,,,,,1,0,
55,"Mon, 5 Apr 2021 14:37:43 -0400",Brian Bennett,In town pool report #7 - no news. briefing over,TRUE,FALSE,,1,1,,,,,,,,1,1,
56,"Mon, 5 Apr 2021 11:28:05 -0700",Isaac Dovere,VP pool report #2,TRUE,FALSE,, , ,,,,,,,,1,1,
57,"Mon, 5 Apr 2021 13:35:40 -0400",Brian Bennett,Pool note --2 min warning for briefing,TRUE,FALSE,,1,1,,,,,,,,1,1,
58,"Mon, 5 Apr 2021 10:35:10 -0700",Isaac Dovere,VP pool report #1,TRUE,FALSE,, , ,,,,,,,,1,1,
59,"Mon, 5 Apr 2021 13:29:47 -0400",Brian Bennett,In town pool report #6 no news. Biden remarks on Easter traditions at the White House,TRUE,FALSE,,1,1,,,,,,,,1,1,
60,"Mon, 5 Apr 2021 12:48:05 -0400",Brian Bennett,"In town pool report #5 - no news. Easter remarks background info, photo",TRUE,FALSE,,1,1,,,,,,,,1,1,
61,"Mon, 5 Apr 2021 12:29:07 -0400",Brian Bennett,"In town pool report #4 - CSPAN video link to arrival remarks, gathering for Easter remarks",TRUE,FALSE,,1,1,,,,,,,,1,1,
62,"Mon, 5 Apr 2021 12:25:32 -0400",Brian Bennett,In town pool report #3 - Biden quotes from arrival,TRUE,FALSE,,1,1,,,,,,,,1,1,
63,"Mon, 5 Apr 2021 11:56:14 -0400",Brian Bennett,"In town pool report #2 - Biden arrival, brief comments",TRUE,FALSE,,1,1,,,,,,,,1,1,
64,"Mon, 5 Apr 2021 10:50:27 -0400",Brian Bennett,In town pool report #1 - checking in,TRUE,FALSE,,1,1,,,,,,,,1,1,
65,"Sun, 4 Apr 2021 23:19:25 +0000",Tamara Keith,"FPPO/OTR White House Week Ahead, Week of April 5",FALSE,TRUE,,,,,,,,,,,1,0,
66,"Sun, 4 Apr 2021 10:42:44 -0400",Niels Lesniewski,In-town pool report #1 - lid,TRUE,FALSE,,1,1,,1,1,,,,,1,1,
67,"Sat, 3 Apr 2021 15:29:29 +0000",Jonathan Salant,WH Pool Report 2 -- President's Schedule,TRUE,FALSE,,1,1,,1,1,,,,,1,1,
68,"Sat, 3 Apr 2021 14:14:10 +0000",Jonathan Salant,WH pool report 1 - lid,TRUE,FALSE,,1,1,,1,1,,,,,1,1,
69,"Fri, 2 Apr 2021 18:46:11 +0000",Philip Wegmann,In-Town Pool Report #8: Lid,TRUE,FALSE,,1,,1,,,,,,,1,1,
70,"Fri, 2 Apr 2021 17:42:55 +0000",Philip Wegmann,In-Town Pool Report #7: Marine One Lands at Camp David,TRUE,FALSE,,1,,1,,,,,,,1,1,
71,"Fri, 2 Apr 2021 17:20:38 +0000",Philip Wegmann,In town pool report #6: Briefing Ends,TRUE,FALSE,,1,,1,,,,,,,1,1,
72,"Fri, 2 Apr 2021 16:35:59 +0000",Philip Wegmann,In town pool report #5: Briefing Begins,TRUE,FALSE,,1,,1,,,,,,,1,1,
73,"Fri, 2 Apr 2021 16:15:47 +0000",Philip Wegmann,In town pool report #4: Departure,TRUE,FALSE,,,,,,,,,,,1,1,
74,"Fri, 2 Apr 2021 15:42:39 +0000",Philip Wegmann,In Town Pool Report #3: Remarks End/ Questions,TRUE,FALSE,,,,,,,,,,,1,1,
75,"Fri, 2 Apr 2021 15:26:44 +0000",Philip Wegmann,In-Town Pool Report #2: Remarks Begin,TRUE,FALSE,, ,, ,,,,,,,1,1,
76,"Fri, 2 Apr 2021 14:22:07 +0000",Philip Wegmann,In-Town Pool Report #1: Good Morning,TRUE,FALSE,,1,,1,,,,,,,1,1,
77,"Fri, 2 Apr 2021 12:29:38 +0000",Zeke Miller,Expanding White House Access -- Week of April 5,FALSE,FALSE,,,,,,,,,,,1,0,
78,"Fri, 2 Apr 2021 01:16:13 +0000",Emily Goodin,FLOTUS pool report #2 - Dr. Biden plays April Fools Day Prank on flight back,TRUE,FALSE,,1,1,,,,,,,,1,1,
79,"Fri, 2 Apr 2021 01:57:31 +0000",Emily Goodin,FLOTUS pool report #3 - Back at White House,TRUE,FALSE,,1,1,,,,,,,,1,1,
80,"Thu, 1 Apr 2021 20:39:46 +0000",Emily Goodin,FLOTUS pool report #1 - departing California,TRUE,FALSE,,1,1,,,,,,,,1,1,
81,"Thu, 1 Apr 2021 20:16:07 +0000",Natasha Korecki,In-Town Pool #12 LID,TRUE,FALSE,,1,1,,,,,,,,1,1,
82,"Thu, 1 Apr 2021 20:47:38 +0100",Kacey Reid,First Dogs Pool Report #1,TRUE,FALSE,,,,,,,,,,,1,1,
83,"Thu, 1 Apr 2021 19:46:39 +0000",Natasha Korecki,In-Town Pool Report #11 Cabinet meeting concludes,TRUE,FALSE,,1,1,,,,,,,,1,1,
84,"Thu, 1 Apr 2021 19:02:05 +0000",Natasha Korecki,In-Town Pool Report #10 Few deets on Cabinet meeting,TRUE,FALSE,,1,1,,,,,,,,1,1,
85,"Thu, 1 Apr 2021 17:50:39 +0000",Natasha Korecki,Pool report #9 Will tweet pics of Cabinet room,TRUE,FALSE,,1,1,,,,,,,,1,1,
86,"Thu, 1 Apr 2021 17:41:58 +0000",Natasha Korecki,Pool report #8 -- Press ushered out of Cabinet meeting/Biden takes no Qs,TRUE,FALSE,,1,1,,,,,,,,1,1,
87,"Thu, 1 Apr 2021 17:34:58 +0000",Natasha Korecki,Pool report #7 5 cabinet members to sell jobs plan,TRUE,FALSE,,1,1,,,,,,,,1,1,
88,"Thu, 1 Apr 2021 17:21:30 +0000",Natasha Korecki,In-town pool report #6 holding,TRUE,FALSE,,1,1,,,,,,,,1,1,
89,"Thu, 1 Apr 2021 16:55:08 +0000",Natasha Korecki,In-Town Pool Report #5 Biden remarks to faith leaders,TRUE,FALSE,,1,1,,,,,,,,1,1,
90,"Thu, 1 Apr 2021 16:37:20 +0000",Natasha Korecki,In-Town Pool Report #4 Biden joins faith leader call,TRUE,FALSE,,1,1,,,,,,,,1,1,
91,"Thu, 1 Apr 2021 16:23:53 +0000",Natasha Korecki,In-Town Pool Report #3 Cabinet meeting attendees,TRUE,FALSE,,1,1,,,,,,,,1,1,
92,"Thu, 1 Apr 2021 15:48:36 +0000",Natasha Korecki,In-Town Pool Report #2 NEW sched add: Biden to join NOON call with faith leaders,TRUE,FALSE,,1,1,,,,,,,,1,1,
93,"Thu, 1 Apr 2021 10:48:49 -0400",Jessica Floyd,VP Pool Report #6 Correction to remark on Anti-Asian Hate,TRUE,FALSE,,,,,,,,,,,1,1,
94,"Thu, 1 Apr 2021 10:37:38 -0400",Jessica Floyd,VP Pool Report #5 - speakers and remarks from VP,TRUE,FALSE,,,,,,,,,,,1,1,
95,"Thu, 1 Apr 2021 10:35:30 -0400",Jessica Floyd,VP Pool Report #4 - Surgeon General Remarks from the event,TRUE,FALSE,,,,,,,,,,,1,1,
96,"Thu, 1 Apr 2021 14:02:22 +0000",Natasha Korecki,In-Town Pool Report #1 [briefing changed to 1:30],TRUE,FALSE,,1,1,,1,1,,,,,1,1,
97,"Thu, 1 Apr 2021 09:36:50 -0400",Jessica Floyd,VP Pool Report #3 - event begins + comments from Surgeon General and VP,TRUE,FALSE,,,,,,,,,,,1,1,
98,"Thu, 1 Apr 2021 08:40:05 -0400",Jessica Floyd,VP Pool Report #2 - background on meeting + VP’s portfolio,TRUE,FALSE,,,,,,,,,,,1,1,
99,"Thu, 1 Apr 2021 08:21:00 -0400",Jessica Floyd,VP Pool report #1,TRUE,FALSE,,1,,1,1,1,,,,,1,1,
100,"Thu, 15 Apr 2021 16:51:47 -0400",Todd Gillman,pool report #6a/ Russia speech now expected to start at 5,TRUE,FALSE,,1,1,,1,1,,,,,1,1,
101,"Thu, 15 Apr 2021 16:29:09 -0400",Todd Gillman,pool report #6/East Room awaiting POTUS remarks on Russia,TRUE,FALSE,,1,1,,1,1,,,,,1,1,
102,"Thu, 15 Apr 2021 13:50:17 +0000",Zeke Miller,Expanding White House Access -- Week of April 19,FALSE,FALSE,,,,,,,,,,,1,0,
103,"Thu, 15 Apr 2021 15:55:27 -0400",Todd Gillman,VP pool report #2/VP announcement on childcare,TRUE,FALSE,,1,1,,1,1,,,,,1,1,
104,"Thu, 15 Apr 2021 15:39:54 -0400",Todd Gillman,VP pool report #1/South Court Auditorium,TRUE,FALSE,,1,1,,1,1,,,,,1,1,
105,"Thu, 15 Apr 2021 15:00:28 -0400",Todd Gillman,pool report #5a/a bit more Oval spray,TRUE,FALSE,,1,1,,1,1,,,,,1,1,
107,"Thu, 15 Apr 2021 14:15:22 -0400",Todd Gillman,Pool report #4/Oval participants,TRUE,FALSE,,1,1,,1,1,,,,,1,1,
108,"Thu, 15 Apr 2021 13:44:04 -0400",Todd Gillman,"pool report #3/briefing ended, pool gathering",TRUE,FALSE,,1,1,,1,1,,,,,1,1,
109,"Thu, 15 Apr 2021 12:50:24 -0400",Todd Gillman,pool report #2/2 minute warning for briefing,TRUE,FALSE,,1,1,,1,1,,,,,1,1,
110,"Thu, 15 Apr 2021 12:21:40 -0400",Todd Gillman,pool report #1/slight delay on briefing,TRUE,FALSE,,1,1,,1,1,,,,,1,1,
111,"Wed, 14 Apr 2021 20:13:03 +0000",Courtney Rozen,Pool report 4/14 #13,TRUE,FALSE,,1,1,,1,1,,,,,1,1,
112,"Wed, 14 Apr 2021 19:41:32 +0000",Courtney Rozen,Pool report 4/14 #12,TRUE,FALSE,,1,1,,1,1,,,,,1,1,
113,"Wed, 14 Apr 2021 19:24:42 +0000",Courtney Rozen,Re: Pool report 4/14 #11 - correction,TRUE,FALSE,,1,1,,1,1,,,,,1,1,
114,"Wed, 14 Apr 2021 19:23:49 +0000",Courtney Rozen,Pool report 4/11 #11,TRUE,FALSE,,1,1,,1,1,,,,,1,1,
115,"Wed, 14 Apr 2021 18:57:12 +0000",Courtney Rozen,Pool report 4/14 #10a,TRUE,FALSE,,1,1,,1,1,,,,,1,1,
116,"Wed, 14 Apr 2021 18:54:26 +0000",Courtney Rozen,Pool report 4/14 #10,TRUE,FALSE,,1,1,,1,1,,,,,1,1,
117,"Wed, 14 Apr 2021 18:33:31 +0000",Courtney Rozen,Pool report 4/14 #9,TRUE,FALSE,,1,1,,1,1,,,,,1,1,
118,"Wed, 14 Apr 2021 18:05:49 +0000",Courtney Rozen,Pool report 4/14 #8,TRUE,FALSE,,1,1,,1,1,,,,,1,1,
119,"Wed, 14 Apr 2021 16:39:18 +0000",Courtney Rozen,Pool report 4/14 #7a,TRUE,FALSE,,1,1,,1,1,,,,,1,1,
120,"Wed, 14 Apr 2021 16:36:18 +0000",Courtney Rozen,Pool report 4/14 #7,TRUE,FALSE,,1,1,,1,1,,,,,1,1,
121,"Wed, 14 Apr 2021 11:36:46 -0400",Christian Datoc,VP pool report #4 — full quotes from Q&A,TRUE,FALSE,,,,,1,1,,1,,1,1,1,
122,"Wed, 14 Apr 2021 10:24:49 -0400",Christian Datoc,VP pool report #3 — meeting begins... NEWS: VP to visit Mexico and Guatemala,TRUE,FALSE,,,,,1,1,,1,,1,1,1,
123,"Wed, 14 Apr 2021 10:28:31 -0400",Christian Datoc,VP pool report #3 — meeting begins/opening remarks/pool escorted out,TRUE,FALSE,,,,, , ,, ,, ,1,1,
124,"Wed, 14 Apr 2021 09:58:15 -0400",Christian Datoc,VP pool report #2 — background/attendees,TRUE,FALSE,,,,,1,1,,1,,1,1,1,
125,"Wed, 14 Apr 2021 09:43:17 -0400",Christian Datoc,VP pool report #1 — gathering,TRUE,FALSE,,,,,1,1,,1,,1,1,1,
126,"Wed, 14 Apr 2021 13:39:38 +0000",Courtney Rozen,Pool report 4/14 #5,TRUE,FALSE,,1,1,,1,1,,,,,1,1,
127,"Wed, 14 Apr 2021 13:07:33 +0000",Courtney Rozen,Pool report 4/14 #5,TRUE,FALSE,,1,1,,1,1,,,,,1,1,
128,"Wed, 14 Apr 2021 13:03:50 +0000",Courtney Rozen,Pool report 4/14 #4a,TRUE,FALSE,,1,1,,1,1,,,,,1,1,
129,"Wed, 14 Apr 2021 13:01:29 +0000",Courtney Rozen,Pool report 4/14 #4,TRUE,FALSE,,1,1,,1,1,,,,,1,1,
130,"Wed, 14 Apr 2021 11:12:29 +0000",Courtney Rozen,Pool report 4/14 #3,TRUE,FALSE,,1,1,,1,1,,,,,1,1,
131,"Wed, 14 Apr 2021 10:47:16 +0000",Courtney Rozen,Pool report 4/14 #2,TRUE,FALSE,,1,1,,1,1,,,,,1,1,
132,"Wed, 14 Apr 2021 10:02:52 +0000",Courtney Rozen,Pool report 4/14 #1,TRUE,FALSE,,1,1,,1,1,,,,,1,1,
133,"Tue, 13 Apr 2021 22:11:15 -0400",Hans Nichols,WH pool report 13: POTUS accepts Pelosi invitation,TRUE,FALSE,,1,1,,1,1,,,,,1,1,
134,"Tue, 13 Apr 2021 21:21:30 -0400",Hans Nichols,WH pool report 12: update on schedule,TRUE,FALSE,,1,1,,1,1,,,,,1,1,
135,"Tue, 13 Apr 2021 16:30:00 -0400",Hans Nichols,WH pool report 10: clarification from press office,TRUE,FALSE,,1,1,,1,1,,,,,1,1,
136,"Tue, 13 Apr 2021 16:13:27 -0400",Hans Nichols,"WH pool report 9: CBC meeting has ended, per overhead announcement",TRUE,FALSE,, , ,, , ,,,,,1,1,
137,"Tue, 13 Apr 2021 15:45:20 -0400",Hans Nichols,WH Pool report 8: Fuller notes/quotes from Biden's meeting with CBC leaders. A travel photo lid has been called.,TRUE,FALSE,, , ,, , ,,,,,1,1,
138,"Tue, 13 Apr 2021 14:45:28 -0400",Hans Nichols,WH Pool report 7: NEWS. Biden made comments on the vaccine at the end of the pool spray in the Oval,TRUE,FALSE,,1,1,,1,1,,,,,1,1,
139,"Tue, 13 Apr 2021 13:44:04 -0400",Jessica Floyd,VP Pool - Handing off pool duty,TRUE,FALSE,,,,,,,,,,,1,1,
140,"Tue, 13 Apr 2021 13:42:01 -0400",Jessica Floyd,Fwd: VP Pool Report #5 - VP Comments on Daunte Wright,TRUE,FALSE,,,,,1,1,,,,,1,1,
141,"Tue, 13 Apr 2021 13:28:43 -0400",Jessica Floyd,VP Pool Report #6 - Event ends + background information,TRUE,FALSE,,,,,,,,,,,1,1,
142,"Tue, 13 Apr 2021 12:47:25 -0400",Hans Nichols,WH Pool report 6 Biden met with the family of Officer Evans,TRUE,FALSE,,1,1,,1,1,,,,,1,1,
143,"Tue, 13 Apr 2021 12:46:48 -0400",Jessica Floyd,VP Pool Report #5 - VP Comments on Daunte Wright,TRUE,FALSE,,,,,,,,,,,1,1,
144,"Tue, 13 Apr 2021 12:41:01 -0400",Jessica Floyd,VP Pool Report #4 - color on the roundtable,TRUE,FALSE,,,,,,,,,,,1,1,
145,"Tue, 13 Apr 2021 12:36:56 -0400",Hans Nichols,WH pool report 5: POTUS motorcade rolling back to WH at 12:29,TRUE,FALSE,,1,1,,1,1,,,,,1,1,
146,"Tue, 13 Apr 2021 12:34:36 -0400",Jessica Floyd,VP Pool Report #3 - event begins,TRUE,FALSE,,,,,,,,,,,1,1,
147,"Tue, 13 Apr 2021 12:23:49 -0400",Jessica Floyd,VP Pool Report #2 - Attendees and Background info,TRUE,FALSE,,,,,,,,,,,1,1,
148,"Tue, 13 Apr 2021 11:47:20 -0400",Jessica Floyd,VP Pool #1 - Good Morning/Pooler tested,TRUE,FALSE,,,,,,,,,,,1,1,
149,"Tue, 13 Apr 2021 11:39:58 -0400",Hans Nichols,WH Pool report 4: Capitol greeters,TRUE,FALSE,,1,1,,1,1,,,,,1,1,
150,"Tue, 13 Apr 2021 11:11:41 -0400",Hans Nichols,WH Pool Report 3: POTUS arrived at the Capitol complex.,TRUE,FALSE,,1,1,,1,1,,,,,1,1,
151,"Tue, 13 Apr 2021 10:52:37 -0400",Hans Nichols,WH Pool report 2: motorcade rolling to the Capitol,TRUE,FALSE,,1,1,,1,1,,,,,1,1,
152,"Tue, 13 Apr 2021 09:53:01 -0400",Hans Nichols,WH Pool report 1: Participants in the CBC meeting.,TRUE,FALSE,,1,1,,1,1,,,,,1,1,
153,"Mon, 12 Apr 2021 16:03:35 -0400",Brittany Shepherd,Lid !!!,TRUE,FALSE,,1,1,,,,,,,,1,1,
154,"Mon, 12 Apr 2021 14:47:35 -0400",Brittany Shepherd,Pool report 6 - oval spray remarks,TRUE,FALSE,,,,,,,,,,,1,1,
155,"Mon, 12 Apr 2021 13:54:12 -0400",Brittany Shepherd,In town pool report 5 - Summit remarks & spray,TRUE,FALSE,,,,,,,,,,,1,1,
156,"Mon, 12 Apr 2021 13:00:13 -0400",Brittany Shepherd,In town pool report 4 - summit gather,TRUE,FALSE,,1,1,,1,1,,,,,1,1,
157,"Mon, 12 Apr 2021 12:21:11 -0400",Brittany Shepherd,2 minute warning for Psaki,TRUE,FALSE,,1,1,,1,1,,,,,1,1,
158,"Mon, 12 Apr 2021 11:53:47 -0400",Brittany Shepherd,In town pool #3 - sked update,TRUE,FALSE,,1,1,,1,1,,,,,1,1,
159,"Mon, 12 Apr 2021 10:22:44 -0400",Brittany Shepherd,In town pool #2 - Summit attendees,TRUE,FALSE,,1,1,,1,1,,,,,1,1,
160,"Mon, 12 Apr 2021 10:10:28 -0400",Brittany Shepherd,In-town pool report 1 - Checking in,TRUE,FALSE,,1,1,,1,1,,,,,1,1,
161,"Sun, 11 Apr 2021 20:53:27 -0400",Thomas Howell,In-town pool #3 - Monday meeting attendees (American Jobs Plan),TRUE,FALSE,,,,,,,,,,,1,1,
162,"Sun, 11 Apr 2021 23:46:00 +0000",Tamara Keith,"FPPO/OTR White House week ahead, week of 4/12",FALSE,TRUE,,,,,,,,,,,1,0,
163,"Sun, 11 Apr 2021 16:45:00 -0400",Thomas Howell,In-town pool #2 - Note about POTUS’s day,TRUE,FALSE,,1,1,,,,,,,,1,1,
164,"Sun, 11 Apr 2021 10:06:47 -0400",Thomas Howell,In-town pool #1 — Lid,TRUE,FALSE,,1,1,,,,,,,,1,1,
165,"Sat, 10 Apr 2021 22:36:29 +0000",Anne Gearan,In-town pool report 7 / back at White House,TRUE,FALSE,,,,,,,,,,,1,1,
166,"Sat, 10 Apr 2021 22:25:30 +0000",Anne Gearan,In-town pool report 6 / leaving church,TRUE,FALSE,,1,1,,,,,,,,1,1,
167,"Sat, 10 Apr 2021 21:42:09 +0000",Anne Gearan,In-town pool report 5 / church,TRUE,FALSE,,1,1,,,,,,,,1,1,
168,"Sat, 10 Apr 2021 21:26:58 +0000",Anne Gearan,In-town pool report 4 / on the move,TRUE,FALSE,,,,,,,,,,,1,1,
169,"Sat, 10 Apr 2021 18:54:35 +0000",Anne Gearan,In-town pool report 3 / kid extended,TRUE,FALSE,,,,,,,,,,,1,1,
170,"Sat, 10 Apr 2021 15:37:20 +0000",Anne Gearan,In-town pool report 2/the president’s day,TRUE,FALSE,,,,,,,,,,,1,1,
171,"Sat, 10 Apr 2021 14:04:42 +0000",Anne Gearan,In-town pool report 1,TRUE,FALSE,,1,1,,1,1,,,,,1,1,
172,"Fri, 9 Apr 2021 15:17:00 -0500",Sarah Mucha,FLOTUS Travel Pool #12: Back at the White House,TRUE,FALSE,,1,1,,1,1,,,,,1,1,
173,"Fri, 9 Apr 2021 14:55:32 -0500",Sarah Mucha,FLOTUS Travel Pool #11: Wheels down JBA,TRUE,FALSE,,1,1,,1,1,,,,,1,1,
174,"Fri, 9 Apr 2021 15:28:15 -0400",Rob Crilly,"Pool report #12: More POTUS quotes, VAWA",TRUE,FALSE,,1,1,,,,,,,,1,1,
175,"Fri, 9 Apr 2021 15:21:04 -0400",Rob Crilly,Pool report #11: POTUS on funding priorities,TRUE,FALSE,,1,1,,,,,,,,1,1,
176,"Fri, 9 Apr 2021 15:05:37 -0400",Rob Crilly,Pool report #10: Travel photo lid,TRUE,FALSE,,1,1,,,,,,,,1,1,
177,"Fri, 9 Apr 2021 15:04:49 -0400",Rob Crilly,Pool report #9: More Philip quotes,TRUE,FALSE,,1,1,,,,,,,,1,1,
178,"Fri, 9 Apr 2021 14:58:30 -0400",Rob Crilly,"Pool report #8: Oval Office, Philip quotes",TRUE,FALSE,, , ,,,,,,,,1,1,
179,"Fri, 9 Apr 2021 14:28:16 -0400",Rob Crilly,Pool report #7: Pool gathering,TRUE,FALSE,, , ,,,,,,,,1,1,
180,"Fri, 9 Apr 2021 13:03:03 -0500",Sarah Mucha,FLOTUS Travel Pool #10: Arrived at Birmingham airport,TRUE,FALSE,,1,1,,1,1,,,,,1,1,
181,"Fri, 9 Apr 2021 13:44:03 -0400",Rob Crilly,Pool report #6: Lunch lid until 14:20,TRUE,FALSE,,1,1,,,,,,,,1,1,
182,"Fri, 9 Apr 2021 12:43:08 -0500",Sarah Mucha,FLOTUS Travel Pool #9: FLOTUS remarks,TRUE,FALSE,,1,1,,1,1,,,,,1,1,
183,"Fri, 9 Apr 2021 13:40:11 -0400",Rob Crilly,Pool report #5: Briefing ends,TRUE,FALSE,,1,1,,,,,,,,1,1,
184,"Fri, 9 Apr 2021 12:28:17 -0500",Sarah Mucha,"FLOTUS Travel Pool #8: Inside second stop, part I",TRUE,FALSE,,1,1,,1,1,,,,,1,1,
185,"Fri, 9 Apr 2021 11:42:13 -0500",Sarah Mucha,FLOTUS Travel Pool #7: Heading to next stop,TRUE,FALSE,,1,1,,1,1,,,,,1,1,
186,"Fri, 9 Apr 2021 12:34:49 -0400",Rob Crilly,Pool report #4: Briefing starts,TRUE,FALSE,,1,1,,,,,,,,1,1,
187,"Fri, 9 Apr 2021 12:33:24 -0400",Rob Crilly,Pool report #3: CEO Summit on Semiconductor and Supply Chain Resilience,TRUE,FALSE,,1,1,,,,,,,,1,1,
188,"Fri, 9 Apr 2021 11:32:44 -0500",Sarah Mucha,FLOTUS Travel Pool #5: Inside first stop,TRUE,FALSE,,1,1,,1,1,,,,,1,1,
189,"Fri, 9 Apr 2021 12:31:43 -0400",Rob Crilly,Pool report #2: Two-minute warning,TRUE,FALSE,,1,1,,,,,,,,1,1,
190,"Fri, 9 Apr 2021 12:08:18 -0400",Sarah Mucha,FLOTUS Travel Pool #5: Arrived at first stop,TRUE,FALSE,,1,1,,1,1,,,,,1,1,
191,"Fri, 9 Apr 2021 11:57:21 -0400",Sarah Mucha,"FLOTUS Pool # 4: Landed in Birmingham, rolling to first event",TRUE,FALSE,,1,1,,1,1,,,,,1,1,
192,"Fri, 9 Apr 2021 11:02:51 -0400",Rob Crilly,Pool report #1: Checking in plus economic briefing attendees,TRUE,FALSE,,1,1,,,,,,,,1,1,
193,"Fri, 9 Apr 2021 09:57:23 -0400",Sarah Mucha,FLOTUS Travel Pool #3: Wheels up,TRUE,FALSE,,1,1,,1,1,,,,,1,1,
194,"Fri, 9 Apr 2021 09:46:04 -0400",Sarah Mucha,FLOTUS Travel Pool #2: Arrived at JBA,TRUE,FALSE,,1,1,,1,1,,,,,1,1,
195,"Fri, 9 Apr 2021 09:20:34 -0400",Sarah Mucha,FLOTUS Travel Pool #1: Background & heading to JBA,TRUE,FALSE,,1,1,,1,1,,,,,1,1,
196,"Thu, 8 Apr 2021 18:29:08 +0000",Zeke Miller,Expanding White House Access -- Week of April 12,FALSE,FALSE,,,,,,,,,,,1,0,
197,"Thu, 8 Apr 2021 14:04:25 -0400",Chris Johnson,Pool Report #5 - travel-photo lid,TRUE,FALSE,,,,,,,,,,,1,1,
198,"Thu, 8 Apr 2021 13:47:07 -0400",Chris Johnson,Pool Report #4 - briefing ends,TRUE,FALSE,,,,,,,,,,,1,1,
199,"Thu, 8 Apr 2021 12:42:47 -0400",Chris Johnson,Pool Note #3 - 2 min warning for briefing,TRUE,FALSE,,,,,,,,,,,1,1,
200,"Tue, 20 Apr 2021 21:45:27 +0000",Nikki Schwab,Pool Report No. 13 - Biden and Harris will speak tonight,TRUE,FALSE,,1,1,,1,1,,,,,1,1,
201,"Tue, 20 Apr 2021 20:38:18 +0000",Nikki Schwab,Pool Report No. 12 - color from the briefing room,TRUE,FALSE,, , ,, , ,,,,,1,1,
202,"Tue, 20 Apr 2021 20:19:09 +0000",Nikki Schwab,Pool Report No. 11 - speech rescheduled,TRUE,FALSE,, , ,, , ,,,,,1,1,
203,"Tue, 20 Apr 2021 19:50:11 +0000",Nikki Schwab,Pool Report No. 10 - holding before remarks,TRUE,FALSE,, , ,, , ,,,,,1,1,
204,"Tue, 20 Apr 2021 19:28:27 +0000",Nikki Schwab,Pool Report No. 9 - Proterra tour beings,TRUE,FALSE,,1,1,,1,1,,,,,1,1,
205,"Tue, 20 Apr 2021 17:55:11 +0000",Nikki Schwab,Pool Report No. 8 - lunch lid until 2:45 p.m.,TRUE,FALSE,,1,1,,1,1,,,,,1,1,
206,"Tue, 20 Apr 2021 17:51:45 +0000",Nikki Schwab,Pool Report No. 7 - briefing concludes,TRUE,FALSE,, , ,, , ,,,,,1,1,
207,"Tue, 20 Apr 2021 17:05:44 +0000",Nikki Schwab,Pool Report No. 5 - briefing to start,TRUE,FALSE,, , , , , ,,,,,1,1,
208,"Tue, 20 Apr 2021 16:29:13 +0000",Nikki Schwab,Pool Report 4a - quote correx,TRUE,FALSE,,1,1,,1,1,,,,,1,1,
209,"Tue, 20 Apr 2021 16:01:27 +0000",Nikki Schwab,"Pool Report No. 4 - cleaner, newsy Chauvin quote",TRUE,FALSE,,1,1,,1,1,,,,,1,1,
210,"Tue, 20 Apr 2021 15:52:09 +0000",Nikki Schwab,Pool Report No. 3 - CHC meeting - Floyd comments,TRUE,FALSE,, , ,, , ,,,,,1,1,
211,"Tue, 20 Apr 2021 15:27:55 +0000",Nikki Schwab,Pool Report 2 - holding for CHC meeting,TRUE,FALSE,, , ,, , ,,,,,1,1,
212,"Tue, 20 Apr 2021 14:14:21 +0000",Nikki Schwab,Pool Report No. 1,TRUE,FALSE,,1,1,,1,1,,,,,1,1,
213,"Mon, 19 Apr 2021 21:24:31 -0400",Christian Datoc,In-town pool report #9 — 4/20 virtual tour of Proterra plant,TRUE,FALSE,,,,,1,1,,1,,1,1,1,
214,"Mon, 19 Apr 2021 21:06:02 -0400",Christian Datoc,In-town pool report #8 — 4/20 meeting with Hispanic Caucus,TRUE,FALSE,,,,,1,1,,1,,1,1,1,
215,"Mon, 19 Apr 2021 22:21:06 +0000",Eugene Daniels,VP Travel Pool #16- that’s a wrap!,TRUE,FALSE,,,,,,,,,,,1,1,
216,"Mon, 19 Apr 2021 21:18:31 +0000",Eugene Daniels,VP Travel pool #15 — wheels up,TRUE,FALSE,,1,1,,,,,,,,1,1,
217,"Mon, 19 Apr 2021 20:50:59 +0000",Eugene Daniels,CORRECTION for VP travel pool #14,TRUE,FALSE,,1,1,,,,,,,,1,1,
218,"Mon, 19 Apr 2021 20:40:20 +0000",Eugene Daniels,VP Travel pool #14 - Suprise stop - Woolworth’s,TRUE,FALSE,,1,1,,,,,,,,1,1,
219,"Mon, 19 Apr 2021 20:01:10 +0000",Eugene Daniels,VP travel pool #13 - full quotes from Harris,TRUE,FALSE,,1,1,,,,,,,,1,1,
220,"Mon, 19 Apr 2021 19:23:05 +0000",Eugene Daniels,VP travel report #12 - Color and quotes from your,TRUE,FALSE,,1,1,,,,,,,,1,1,
221,"Mon, 19 Apr 2021 15:09:43 -0400",Christian Datoc,In-town pool report #7 — travel/photo lid,TRUE,FALSE,,,,,1,1,,1,,1,1,1,
222,"Mon, 19 Apr 2021 14:59:31 -0400",Christian Datoc,In-town pool report #6 — infrastructure meeting is over,TRUE,FALSE,,,,,1,1,,1,,1,1,1,
223,"Mon, 19 Apr 2021 18:45:27 +0000",Eugene Daniels,VP travel pool 11 - tour has begun,TRUE,FALSE,,1,1,,,,,,,,1,1,
224,"Mon, 19 Apr 2021 17:57:18 +0000",Eugene Daniels,VP travel pool #10 — Arrival at plant,TRUE,FALSE,, , ,,,,,,,,1,1,
225,"Mon, 19 Apr 2021 13:51:39 -0400",Christian Datoc,In-town pool report #5a — Sec. Buttigieg,TRUE,FALSE,,,,,1,1,,1,,1,1,1,
226,"Mon, 19 Apr 2021 13:40:26 -0400",Christian Datoc,In-town pool report #5 — in the Oval,TRUE,FALSE,,,,,1,1,,1,,1,1,1,
227,"Mon, 19 Apr 2021 17:32:36 +0000",Eugene Daniels,"VP Travel #9 - Back in motorcade, headed to second event",TRUE,FALSE,,1,1,,,,,,,,1,1,
228,"Mon, 19 Apr 2021 13:03:11 -0400",Christian Datoc,In-town pool report #4 — gathering for Oval infrastructure meeting,TRUE,FALSE,,,,,1,1,,1,,1,1,1,
229,"Mon, 19 Apr 2021 13:01:36 -0400",Christian Datoc,In-town pool report #3 — briefing over,TRUE,FALSE,,,,,1,1,,1,,1,1,1,
230,"Mon, 19 Apr 2021 12:18:02 -0400",Christian Datoc,In-town pool report #2 — 2 minute warning for Press Sec briefing,TRUE,FALSE,,,,,1,1,,1,,1,1,1,
231,"Mon, 19 Apr 2021 16:12:34 +0000",Eugene Daniels,VP Travel pool #8 - holding after speech,TRUE,FALSE,, , ,,,,,,,,1,1,
232,"Mon, 19 Apr 2021 15:59:02 +0000",Eugene Daniels,VP Travel pool #7 - color from event,TRUE,FALSE,,1,1,,,,,,,,1,1,
233,"Mon, 19 Apr 2021 15:27:28 +0000",Eugene Daniels,"VP travel Pool #6 - arrived, event started",TRUE,FALSE,,1,1,,,,,,,,1,1,
234,"Mon, 19 Apr 2021 14:50:09 +0000",Eugene Daniels,VP travel Pool #5 - loaded and rolling to speech,TRUE,FALSE,,1,1,,,,,,,,1,1,
235,"Mon, 19 Apr 2021 14:36:03 +0000",Eugene Daniels,VP Travel pool #4 - Landed in NC,TRUE,FALSE,, , ,,,,,,,,1,1,
236,"Mon, 19 Apr 2021 10:00:41 -0400",Christian Datoc,In-town pool report #1 — checking in,TRUE,FALSE,,,,,1,1,,1,,1,1,1,
237,"Mon, 19 Apr 2021 13:40:01 +0000",Eugene Daniels,VP Travel Report #3 - wheels up and FIX,TRUE,FALSE,, , ,,,,,,,,1,1,
238,"Mon, 19 Apr 2021 13:24:51 +0000",Eugene Daniels,VP Travel Pool #2 - Helicopter landed/ staff list,TRUE,FALSE,,1,1,,,,,,,,1,1,
239,"Mon, 19 Apr 2021 12:44:23 +0000",Eugene Daniels,VP Travel Pool #1 - Pool at JBA,TRUE,FALSE,,1,1,,,,,,,,1,1,
240,"Mon, 19 Apr 2021 01:24:16 +0000",Scott Bixby,White House In-Town Pool Report #7 — Lid,TRUE,FALSE,,,,,,,,,,,1,1,
241,"Mon, 19 Apr 2021 01:12:21 +0000",Scott Bixby,White House In-Town Pool Report #6 — Marine One touchdown,TRUE,FALSE,,,,,,,,,,,1,1,
242,"Mon, 19 Apr 2021 00:56:55 +0000",Scott Bixby,White House In-Town Pool Report #5 — Gathered for Marine One landing,TRUE,FALSE,,,,,,,,,,,1,1,
243,"Mon, 19 Apr 2021 00:44:43 +0000",Scott Bixby,White House In-Town Pool Report #4 — Pool gathering for Marine One,TRUE,FALSE,,,,,,,,,,,1,1,
244,"Mon, 19 Apr 2021 00:32:55 +0000",Tamara Keith,FPPO/OTR White House week ahead Week Of April 19,FALSE,TRUE,,,,,,,,,,,1,0,
245,"Mon, 19 Apr 2021 00:32:53 +0000",Scott Bixby,White House In-Town Pool Report #3 — Notes for 4/19 and gathering for Marine One,TRUE,FALSE,,,,,,,,,,,1,1,
246,"Mon, 19 Apr 2021 00:11:40 +0000",Sebastian Smith,Travel pool report 12 - Marine One + handover,TRUE,FALSE,,1,1,,,,,,,,1,1,"problem with auto redact, didn't blank out the 1 country code"
247,"Sun, 18 Apr 2021 23:08:10 +0000",Sebastian Smith,Travel pool report 10 - gathering,TRUE,FALSE,,1,1,,,,,,,,1,1,"problem with auto redact, didn't blank out the 1 country code"
248,"Sun, 18 Apr 2021 21:42:26 +0000",Sebastian Smith,Travel pool report 9a - dinner lid,TRUE,FALSE,,1,1,,,,,,,,1,1,"problem with auto redact, didn't blank out the 1 country code"
249,"Sun, 18 Apr 2021 20:13:12 +0000",Sebastian Smith,Travel pool report 9 - Lid,TRUE,FALSE,,1,1,,,,,,,,1,1,"problem with auto redact, didn't blank out the 1 country code"
250,"Sun, 18 Apr 2021 19:58:14 +0000",Sebastian Smith,Travel pool report 8 - residence,TRUE,FALSE,,1,1,,,,,,,,1,1,"problem with auto redact, didn't blank out the 1 country code"
251,"Sun, 18 Apr 2021 18:49:02 +0000",Sebastian Smith,Travel pool report 7 - Greenville,TRUE,FALSE,,1,1,,,,,,,,1,1,"problem with auto redact, didn't blank out the 1 country code"
252,"Sun, 18 Apr 2021 18:40:38 +0000",Sebastian Smith,Travel pool report 6 - rolling,TRUE,FALSE,,1,1,,,,,,,,1,1,"problem with auto redact, didn't blank out the 1 country code"
253,"Sun, 18 Apr 2021 18:27:14 +0000",Sebastian Smith,Travel pool report 5 - post-church,TRUE,FALSE,,1,1,,,,,,,,1,1,"problem with auto redact, didn't blank out the 1 country code"
254,"Sun, 18 Apr 2021 17:23:53 +0000",Sebastian Smith,Travel pool report 4 - confirmation of grandson,TRUE,FALSE,,1,1,,,,,,,,1,1,"problem with auto redact, didn't blank out the 1 country code"
255,"Sun, 18 Apr 2021 16:57:36 +0000",Sebastian Smith,Travel pool report 3 - church,TRUE,FALSE,,1,1,,,,,,,,1,1,"problem with auto redact, didn't blank out the 1 country code"
256,"Sun, 18 Apr 2021 16:41:20 +0000",Scott Bixby,White House In-Town Pool Report #2 — Brunch Lid,TRUE,FALSE,,,,,,,,,,,1,1,
257,"Sun, 18 Apr 2021 13:11:28 +0000",Scott Bixby,White House In-Town Pool Report #1 — POTUS in Wilmington,TRUE,FALSE,,,,,,,,,,,1,1,
258,"Sat, 17 Apr 2021 22:00:07 +0000",Sebastian Smith,Travel pool report 8 (CORRECTING SEQUENCE NUMBER) - cleaner Biden quote on Navalny,TRUE,FALSE,,1,1,,,,,,,,1,1,"problem with auto redact, didn't blank out the 1 country code"
259,"Sat, 17 Apr 2021 21:39:01 +0000",Sebastian Smith,Travel pool report 7 - cleaner Biden quote on Navalny,TRUE,FALSE,,1,1,,,,,,,,1,1,"problem with auto redact, didn't blank out the 1 country code"
260,"Sat, 17 Apr 2021 20:31:33 +0000",Sebastian Smith,Travel pool report 7 - more quotes,TRUE,FALSE,,1,1,,,,,,,,1,1,"problem with auto redact, didn't blank out the 1 country code"
261,"Sat, 17 Apr 2021 20:14:53 +0000",Sebastian Smith,Travel pool report 6 - POTUS residence and lid,TRUE,FALSE,,1,1,,,,,,,,1,1,"problem with auto redact, didn't blank out the 1 country code"
262,"Sat, 17 Apr 2021 20:08:58 +0000",Sebastian Smith,Travel pool report 5 - rolling & gaggle quotes,TRUE,FALSE,,1,1,,,,,,,,1,1,"problem with auto redact, didn't blank out the 1 country code"
263,"Sat, 17 Apr 2021 17:37:24 +0000",Sebastian Smith,Travel pool report 4 - Biden golfing partners,TRUE,FALSE,,1,1,,,,,,,,1,1,"problem with auto redact, didn't blank out the 1 country code"
264,"Sat, 17 Apr 2021 17:03:15 +0000",Sebastian Smith,Travel pool report 3 - golf club,TRUE,FALSE,,1,1,,,,,,,,1,1,"problem with auto redact, didn't blank out the 1 country code"
265,"Sat, 17 Apr 2021 16:51:09 +0000",Sebastian Smith,Travel pool report 2 - rolling,TRUE,FALSE,,1,1,,,,,,,,1,1,"problem with auto redact, didn't blank out the 1 country code"
266,"Sat, 17 Apr 2021 15:10:09 +0000",Sebastian Smith,Travel pool 1 - gathering,TRUE,FALSE,,1,1,,,,,,,,1,1,"problem with auto redact, didn't blank out the 1 country code"
267,"Fri, 16 Apr 2021 23:27:52 +0000",Sebastian Smith,Travel pool report 4 - lid,TRUE,FALSE,,1,1,,,,,,,,1,1,"problem with auto redact, didn't blank out the 1 country code"
268,"Fri, 16 Apr 2021 23:09:16 +0000",Sebastian Smith,Travel pool report 2a - POTUS travelers,TRUE,FALSE,,1,1,,,,,,,,1,1,"problem with auto redact, didn't blank out the 1 country code"
269,"Fri, 16 Apr 2021 23:03:34 +0000",Sebastian Smith,Travel pool report 2 - POTUS arrival,TRUE,FALSE,,1,1,,,,,,,,1,1,"problem with auto redact, didn't blank out the 1 country code"
270,"Fri, 16 Apr 2021 18:06:58 -0400",Ryan Brooks,In-town pool report #9B,TRUE,FALSE,,,,,,,,,,,1,1,
271,"Fri, 16 Apr 2021 17:56:02 -0400",Ryan Brooks,In-town pool report #9,TRUE,FALSE,,,,,,,,,,,1,1,
272,"Fri, 16 Apr 2021 21:51:39 +0000",Sebastian Smith,travel pool report 1 - positioning for POTUS,TRUE,FALSE,,1,1,,,,,,,,1,1,"problem with auto redact, didn't blank out the 1 country code"
273,"Sat, 17 Apr 2021 06:40:53 +0900",Takaaki Abe,POTUS Foreign Pool Report #8 (4/16/21)-Official timeline,TRUE,FALSE,,1,1,,1,1,,,,,1,1,
274,"Sat, 17 Apr 2021 06:39:43 +0900",Takaaki Abe,POTUS Foreign Pool Report #7 (4/16/21)-PM Suga departure,TRUE,FALSE,,,,,,,,,,,1,1,
275,"Sat, 17 Apr 2021 06:38:36 +0900",Takaaki Abe,POTUS Foreign Pool Report #6 (4/16/21)-Joint Presser,TRUE,FALSE,,,,,,,,,,,1,1,
276,"Fri, 16 Apr 2021 17:38:23 -0400",Ryan Brooks,in-town pool report #8A,TRUE,FALSE,,,,,,,,,,,1,1,
277,"Fri, 16 Apr 2021 17:13:15 -0400",Ryan Brooks,In-town report #8,TRUE,FALSE,,,,,,,,,,,1,1,
278,"Fri, 16 Apr 2021 17:03:11 -0400",Ryan Brooks,In-town pool report #7A two minute warning for joint press conference,TRUE,FALSE,,,,,,,,,,,1,1,
279,"Fri, 16 Apr 2021 16:18:11 -0400",Ryan Brooks,In-town pool report #7,TRUE,FALSE,,,,,,,,,,,1,1,
280,"Sat, 17 Apr 2021 05:14:11 +0900",Takaaki Abe,POTUS Foreign Pool Report #5 (4/16/21)-More from expanded bilat,TRUE,FALSE,,,,,,,,,,,1,1,
281,"Fri, 16 Apr 2021 15:46:46 -0400",Ryan Brooks,In-town pool #6A- fuller Biden remarks from bilateral meeting,TRUE,FALSE,,,,,1,1,,,,,1,1,
282,"Sat, 17 Apr 2021 04:46:25 +0900",Takaaki Abe,POTUS Foreign Pool Report #4 (4/16/21)-Expanded Bilat,TRUE,FALSE,,,,,,,,,,,1,1,
283,"Fri, 16 Apr 2021 15:18:22 -0400",Ryan Brooks,In-town pool #6,TRUE,FALSE,,,,,,,,,,,1,1,
284,"Fri, 16 Apr 2021 14:03:04 -0400",Ryan Brooks,In-town pool report #5- PM Suga Arrival and bilateral meeting attendees,TRUE,FALSE,,,,,,,,,,,1,1,
285,"Sat, 17 Apr 2021 02:34:19 +0900",Takaaki Abe,POTUS Foreign Pool Report #3 (4/16/21)-PM Suga Arrival,TRUE,FALSE,,,,,,,,,,,1,1,
286,"Fri, 16 Apr 2021 12:25:08 -0400",Ryan Brooks,In-town pool report #4- misspelled name correction,TRUE,FALSE,,,,,,,,,,,1,1,
287,"Fri, 16 Apr 2021 12:10:34 -0400",Ryan Brooks,In-town pool report #3 Lunch lid until 2pm,TRUE,FALSE,,,,,1,1,,,,,1,1,
288,"Fri, 16 Apr 2021 15:38:45 +0000",Suzanne Lynch,VP Pool Report #3 (Final report: full quotes and list of participants in bilat),TRUE,FALSE,,1,1,,,,,,,,1,1,
289,"Fri, 16 Apr 2021 11:15:45 -0400",Ryan Brooks,In-town pool report #2B,TRUE,FALSE,,,,,,,,,,,1,1,
290,"Fri, 16 Apr 2021 15:14:56 +0000",Suzanne Lynch,VP Pool Report #2,TRUE,FALSE,,1,1,,1,1,,,,,1,1,
291,"Fri, 16 Apr 2021 11:05:31 -0400",Ryan Brooks,In-town pool report #2: two minute warning press briefing,TRUE,FALSE,,,,,,,,,,,1,1,
292,"Fri, 16 Apr 2021 23:32:19 +0900",Takaaki Abe,POTUS Foreign Pool Report #2 (4/16/21)-Background information,TRUE,FALSE,,,,,,,,,,,1,1,
293,"Fri, 16 Apr 2021 10:19:00 -0400",Ryan Brooks,WH pool report #1: checking in,TRUE,FALSE,,,,,1,1,,,,,1,1,
294,"Fri, 16 Apr 2021 14:07:38 +0000",Suzanne Lynch,VP Pool Report #1,TRUE,FALSE,,1,1,,,,,,,,1,1,
295,"Fri, 16 Apr 2021 22:51:36 +0900",Takaaki Abe,POTUS Foreign Pool Report #1 (4/16/21)-PM Suga's schedule,TRUE,FALSE,,,,,,,,,,,1,1,
296,"Thu, 15 Apr 2021 17:16:35 -0400",Todd Gillman,Pool report #9/lid,TRUE,FALSE,,1,1,,1,1,,,,,1,1,
297,"Thu, 15 Apr 2021 17:07:10 -0400",Todd Gillman,pool report #8/Biden remarks on Russia over,TRUE,FALSE,,1,1,,1,1,,,,,1,1,
298,"Thu, 15 Apr 2021 16:59:50 -0400",Todd Gillman,pool report #7/Russia remarks begin,TRUE,FALSE,,1,1,,1,1,,,,,1,1,
299,"Thu, 15 Apr 2021 16:55:06 -0400",Todd Gillman,pool report #6b/ 2 minute warning for Russia remarks,TRUE,FALSE,,1,1,,1,1,,,,,1,1,
300,"Sat, 24 Apr 2021 10:56:58 -0400",Morgan Chalfant,In town pool report #4 — correction to previous report,TRUE,FALSE,,1,1,,1,1,,,,,1,1,
301,"Sat, 24 Apr 2021 10:40:45 -0400",Morgan Chalfant,In town pool report #3 — travelers,TRUE,FALSE,,1,1,,1,1,,,,,1,1,
302,"Sat, 24 Apr 2021 10:14:06 -0400",Morgan Chalfant,In town pool report #2,TRUE,FALSE,,1,1,,1,1,,,,,1,1,
303,"Sat, 24 Apr 2021 09:55:57 -0400",Linda Feldmann,"Travel pool report 1 - pool at JBA, en route Delaware",TRUE,FALSE,,1,1,,1,1,,,,,1,1,
304,"Sat, 24 Apr 2021 09:38:27 -0400",Morgan Chalfant,In town pool report #1 -- good morning,TRUE,FALSE,,1,1,,1,1,,,,,1,1,
305,"Sat, 24 Apr 2021 01:33:49 +0000",Jada Yuan,FLOTUS Day 3 NM/AZ pool #11 - return to White House,TRUE,FALSE,,1,1,,1,1,,,,,1,1,
306,"Fri, 23 Apr 2021 18:12:36 -0400",David Martosko,VPOTUS travel pool report #19: Final,TRUE,FALSE,,1,1,,,,,,,,1,1,
307,"Fri, 23 Apr 2021 21:50:07 +0000",Jada Yuan,FLOTUS Day 3 NM/AZ pool #10 - leaving ABQ & correction,TRUE,FALSE,,1,1,,1,1,,,,,1,1,
308,"Fri, 23 Apr 2021 21:46:06 +0000",Jada Yuan,FLOTUS Day 3 NM/AZ pool #9- Day 2 speeches (otter),TRUE,FALSE,,1,1,,1,1,,,,,1,1,
309,"Fri, 23 Apr 2021 21:38:21 +0000",Jada Yuan,FLOTUS Day 3 NM/AZ pool #8 - departure,TRUE,FALSE,,1,1,,1,1,,,,,1,1,
310,"Fri, 23 Apr 2021 21:01:17 +0000",Jada Yuan,FLOTUS Day 3 NM/AZ pool #7 - odds & ends,TRUE,FALSE,,1,1,,1,1,,,,,1,1,
311,"Fri, 23 Apr 2021 16:50:24 -0400",David Martosko,VPOTUS travel pool report #18: Heading home,TRUE,FALSE,,1,1,,,,,,,,1,1,
312,"Fri, 23 Apr 2021 20:11:59 +0000",Jada Yuan,FLOTUS Day 3 NM/AZ pool #6 - brief stop,TRUE,FALSE,,1,1,,1,1,,,,,1,1,
313,"Fri, 23 Apr 2021 15:52:50 -0400",David Martosko,VPOTUS travel pool report #17:,TRUE,FALSE,,1,1,,,,,,,,1,1,
314,"Fri, 23 Apr 2021 19:22:56 +0000",Jada Yuan,FLOTUS Day 3 NM/AZ pool #5 - vaccination center,TRUE,FALSE,,1,1,,1,1,,,,,1,1,
315,"Fri, 23 Apr 2021 15:17:32 -0400",David Martosko,VPOTUS travel pool report #16: Speech wrap,TRUE,FALSE,,1,1,,,,,,,,1,1,
316,"Fri, 23 Apr 2021 14:52:54 -0400",David Martosko,VPOTUS travel pool report #15:,TRUE,FALSE,,1,1,,,,,,,,1,1,
317,"Fri, 23 Apr 2021 14:47:07 -0400",David Martosko,VPOTUS travel pool report #19:,TRUE,FALSE,,1,1,,,,,,,,1,1,
318,"Fri, 23 Apr 2021 14:47:04 -0400",David Martosko,VPOTUS travel pool report #20:,TRUE,FALSE,,1,1,,,,,,,,1,1,
319,"Fri, 23 Apr 2021 14:42:40 -0400",David Martosko,VPOTUS travel pool report #13: Misnumbering,TRUE,FALSE,,1,1,,,,,,,,1,1,
320,"Fri, 23 Apr 2021 14:39:56 -0400",David Martosko,VPOTUS travel pool report #14:,TRUE,FALSE,,1,1,,,,,,,,1,1,
321,"Fri, 23 Apr 2021 14:26:53 -0400",David Martosko,VPOTUS travel pool report #12: Discussion at IBEW training center,TRUE,FALSE,,1,1,,,,,,,,1,1,
322,"Fri, 23 Apr 2021 14:13:06 -0400",David Martosko,VPOTUS travel pool report #11: VPOTUS's book purchases,TRUE,FALSE,,1,1,,,,,,,,1,1,
323,"Fri, 23 Apr 2021 14:06:47 -0400",David Martosko,Photo supplement to VPOTUS travel pool report #10: Unannounced bookstore drop-in,TRUE,FALSE,,1,1,,1,1,,,,,1,1,
324,"Fri, 23 Apr 2021 14:03:03 -0400",David Martosko,VPOTUS travel pool report #10: Unannounced bookstore drop-in,TRUE,FALSE,,1,1,,,,,,,,1,1,
325,"Fri, 23 Apr 2021 17:46:31 +0000",Emilie Munson,WH In-Town Pool report 10 -- travel/photo lid,TRUE,FALSE,,1,1,,,,,,,,1,1,
326,"Fri, 23 Apr 2021 13:07:01 -0400",David Martosko,"VPOTUS travel pool report #9: Rolling from Plymouth, and a few protesters",TRUE,FALSE,,1,1,,,,,,,,1,1,
327,"Fri, 23 Apr 2021 16:50:45 +0000",Emilie Munson,WH In-Town pool report 9 -- press briefing wraps,TRUE,FALSE,,1,1,,,,,,,,1,1,
328,"Fri, 23 Apr 2021 12:48:13 -0400",David Martosko,VPOTUS travel pool report #8: Plymouth remarks on broadband access,TRUE,FALSE,,1,1,,,,,,,,1,1,
329,"Fri, 23 Apr 2021 16:43:51 +0000",Jada Yuan,FLOTUS Day 3 NM/AZ pool #4 - photos,TRUE,FALSE,,1,1,,1,1,,,,,1,1,
330,"Fri, 23 Apr 2021 16:31:21 +0000",Jada Yuan,"FLOTUS Day 3 NM/AZ pool #3 - listening session, school",TRUE,FALSE,,1,1,,1,1,,,,,1,1,
331,"Fri, 23 Apr 2021 12:28:03 -0400",David Martosko,VPOTUS travel pool report #7: Pre-game in Plymouth at the N.H. Electric Co-op,TRUE,FALSE,,1,1,,,,,,,,1,1,
332,"Fri, 23 Apr 2021 12:07:20 -0400",David Martosko,VPOTUS travel pool report #6: Setup for VPOTUS remarks in Plymouth,TRUE,FALSE,,1,1,,,,,,,,1,1,
333,"Fri, 23 Apr 2021 15:45:52 +0000",Jada Yuan,FLOTUS Day 3 NM/AZ pool #2 - arrival to Navajo school,TRUE,FALSE,,1,1,,1,1,,,,,1,1,
334,"Fri, 23 Apr 2021 15:44:06 +0000",Emilie Munson,WH In-town pool report 8 -- press briefing begins,TRUE,FALSE,,1,1,,,,,,,,1,1,
335,"Fri, 23 Apr 2021 15:41:21 +0000",Emilie Munson,WH In-Town Pool report 7 -- 2 min warning for WH press briefing,TRUE,FALSE,,1,1,,,,,,,,1,1,
336,"Fri, 23 Apr 2021 11:27:13 -0400",David Martosko,VPOTUS travel pool report #5: Laconia addendum,TRUE,FALSE,,1,1,,,,,,,,1,1,
337,"Fri, 23 Apr 2021 11:14:32 -0400",David Martosko,VPOTUS travel pool report #4: Laconia. N.H. arrival,TRUE,FALSE,,1,1,,,,,,,,1,1,
338,"Fri, 23 Apr 2021 14:45:47 +0000",Jada Yuan,FLOTUS Day 3 NM/AZ pool #1 - gathering,TRUE,FALSE,,1,1,,1,1,,,,,1,1,
339,"Fri, 23 Apr 2021 13:50:53 +0000",Emilie Munson,WH In-Town pool report 6– Biden concludes,TRUE,FALSE,,1,1,,,,,,,,1,1,
340,"Fri, 23 Apr 2021 13:43:58 +0000",Emilie Munson,WH In-Town Pool report 5– Biden speaking,TRUE,FALSE,,1,1,,,,,,,,1,1,
341,"Fri, 23 Apr 2021 13:41:22 +0000",Emilie Munson,WH In-Town Pool Report 4– pool waiting in East Room,TRUE,FALSE,,1,1,,,,,,,,1,1,
342,"Fri, 23 Apr 2021 09:38:09 -0400",David Martosko,VPOTUS travel pool report #3: Marine 2 arrival and wheels-up,TRUE,FALSE,,1,1,,,,,,,,1,1,
343,"Fri, 23 Apr 2021 13:19:54 +0000",Emilie Munson,WH In-Town pool report 3– pool gathering,TRUE,FALSE,,1,1,,,,,,,,1,1,
344,"Fri, 23 Apr 2021 13:11:14 +0000",Emilie Munson,WH In-Town Pool report 2– Biden's climate remarks will be slightly delayed,TRUE,FALSE,,1,1,,,,,,,,1,1,
345,"Fri, 23 Apr 2021 09:05:58 -0400",David Martosko,"VPOTUS travel pool report #2: Tiny, posh plane",TRUE,FALSE,,1,1,,,,,,,,1,1,
346,"Fri, 23 Apr 2021 12:40:49 +0000",Emilie Munson,WH In-Town Pool report #1 -- checking in,TRUE,FALSE,,1,1,,,,,,,,1,1,
347,"Fri, 23 Apr 2021 07:30:15 -0400",David Martosko,VPOTUS travel pool report #1: JBA,TRUE,FALSE,, , ,,,,,,,,1,1,
348,"Fri, 23 Apr 2021 05:48:06 +0000",Jada Yuan,FLOTUS Day 2 NM/AZ pool #9 -- Dr. Biden full speech,TRUE,FALSE,,1,1,,1,1,,,,,1,1,
349,"Fri, 23 Apr 2021 03:52:27 +0000",Jada Yuan,FLOTUS Day 2 NM/AZ pool #8 -- Navajo Nation radio address highlights,TRUE,FALSE,,1,1,,1,1,,,,,1,1,
350,"Fri, 23 Apr 2021 02:14:06 +0000",Jada Yuan,FLOTUS Day 2 NM/AZ pool #7 - heading to radio address,TRUE,FALSE,,1,1,,1,1,,,,,1,1,
351,"Fri, 23 Apr 2021 02:09:03 +0000",Jada Yuan,FLOTUS Day 2 NM/AZ pool #6 - Pendleton blanket,TRUE,FALSE,,1,1,,1,1,,,,,1,1,
352,"Fri, 23 Apr 2021 00:09:48 +0000",Jada Yuan,FLOTUS Day 2 NM/AZ pool #5 - library photos,TRUE,FALSE,,1,1,,1,1,,,,,1,1,
353,"Thu, 22 Apr 2021 23:40:18 +0000",Jada Yuan,FLOTUS Day 2 NM/AZ travel pool #4 - Navajo Nation arrival,TRUE,FALSE,,1,1,,1,1,,,,,1,1,
354,"Thu, 22 Apr 2021 22:19:39 +0000",Jada Yuan,FLOTUS Day 2 NM/AZ travel pool #3 - brief stop,TRUE,FALSE,,1,1,,1,1,,,,,1,1,
355,"Thu, 22 Apr 2021 21:15:45 +0000",Jada Yuan,FLOTUS Day 2 NM/AZ travel pool #2 - drive to Navajo Nation,TRUE,FALSE,,1,1,,1,1,,,,,1,1,
356,"Thu, 22 Apr 2021 20:21:41 +0000",Zeke Miller,Expanding White House Access -- Week of April 26,FALSE,FALSE,,,,,,,,,,,1,0,
357,"Thu, 22 Apr 2021 16:10:29 -0400",David Smith,WH in-town pool report #12/ Lid,TRUE,FALSE,,,,,1,1,,1,,1,1,1,
358,"Thu, 22 Apr 2021 19:09:21 +0000",Jada Yuan,FLOTUS Day 2 NM / AZ travel pool #1 - prep for Navajo Nati,TRUE,FALSE,,1,1,,1,1,,,,,1,1,
359,"Thu, 22 Apr 2021 14:55:33 -0400",David Smith,WH in-town pool report #11/ Briefing over,TRUE,FALSE,,,,,1,1,,1,,1,1,1,
360,"Thu, 22 Apr 2021 13:46:42 -0400",David Smith,WH in-town pool report #10/ Briefing begins,TRUE,FALSE,,,,,1,1,,1,,1,1,1,
361,"Thu, 22 Apr 2021 13:43:48 -0400",David Smith,WH in-town pool report #9/ Two minute warning for briefing,TRUE,FALSE,,,,,1,1,,1,,1,1,1,
362,"Thu, 22 Apr 2021 11:14:40 -0400",David Smith,WH in-town pool report #8/ Lunch lid,TRUE,FALSE,,,,,1,1,,1,,1,1,1,
363,"Thu, 22 Apr 2021 10:53:33 -0400",David Smith,WH in-town pool report #7/ POTUS speaks again,TRUE,FALSE,,,,,1,1,,1,,1,1,1,
364,"Thu, 22 Apr 2021 14:26:58 +0000",Austin Landis,VP Pool report #5 - Fuller quotes from Harris,TRUE,FALSE,,1,1,,,,,1,,1,1,1,
365,"Thu, 22 Apr 2021 14:16:32 +0000",Austin Landis,VP Pool report #4 - Pool out of room,TRUE,FALSE,,1,1,,,,,1,,1,1,1,
366,"Thu, 22 Apr 2021 14:07:54 +0000",Austin Landis,VP Pool report #3 - Harris speaking,TRUE,FALSE,,1,1,,,,,1,,1,1,1,
367,"Thu, 22 Apr 2021 13:51:06 +0000",Austin Landis,VP Pool Report #2 - Meeting participants,TRUE,FALSE,,1,1,,,,,1,,1,1,1,
368,"Thu, 22 Apr 2021 09:44:59 -0400",David Smith,WH in-town pool report #6/ More detail on POTUS remarks (part three),TRUE,FALSE,,,,,1,1,,1,,1,1,1,
369,"Thu, 22 Apr 2021 13:42:19 +0000",Austin Landis,VP Pool report #1 - Pool gathered,TRUE,FALSE,,1,1,,,,,1,,1,1,1,
370,"Thu, 22 Apr 2021 09:17:57 -0400",David Smith,WH in-town pool report #5/ More detail on POTUS remarks (part two),TRUE,FALSE,,,,,1,1,,1,,1,1,1,
371,"Thu, 22 Apr 2021 08:44:58 -0400",David Smith,WH in-town pool report #4/ More detail on POTUS remarks (part one),TRUE,FALSE,,,,,1,1,,1,,1,1,1,
372,"Thu, 22 Apr 2021 08:19:45 -0400",David Smith,WH in-town pool report #3/ POTUS remarks on climate (no questions),TRUE,FALSE,,,,,1,1,, ,, ,1,1,
373,"Thu, 22 Apr 2021 08:04:06 -0400",David Smith,WH in-town pool report #2/ East room,TRUE,FALSE,,,,,1,1,, ,, ,1,1,
374,"Thu, 22 Apr 2021 07:48:16 -0400",David Smith,WH in-town pool report #1/ Pool gathers,TRUE,FALSE,,,,,1,1,, ,, ,1,1,
375,"Wed, 21 Apr 2021 23:18:51 +0000",Jada Yuan,FLOTUS NM/AZ travel pool #8 - final (bonus interview with Rep. Teresa Leger Fernandez),TRUE,FALSE,,1,1,,1,1,,,,,1,1,
376,"Wed, 21 Apr 2021 22:35:14 +0000",Jada Yuan,FLOTUS NM/AZ trip #7 (forgot to number last one as #6) - finished at hotel Day 1,TRUE,FALSE,,1,1,,1,1,,,,,1,1,
377,"Wed, 21 Apr 2021 22:24:07 +0000",Jada Yuan,FLOTUS NM/AZ trip - more complete vaccine center Day 1,TRUE,FALSE,,1,1,,1,1,,,,,1,1,
378,"Wed, 21 Apr 2021 21:48:47 +0000",Jada Yuan,FLOTUS NM/AZ travel pool #5 - inside vaccine center Day 1,TRUE,FALSE,,1,1,,1,1,,,,,1,1,
379,"Wed, 21 Apr 2021 20:11:29 +0000",Jada Yuan,FLOTUS NM/AZ travel pool #4 - arrival at ABQ vaccination site Day 1,TRUE,FALSE,,1,1,,1,1,,,,,1,1,
380,"Wed, 21 Apr 2021 19:51:34 +0000",Jada Yuan,FLOTUS NM/AZ travel pool #3 - ABQ arrival Day 1,TRUE,FALSE,,1,1,,1,1,,,,,1,1,
381,"Wed, 21 Apr 2021 14:27:33 -0400",Jazmine Ulloa,In-town pool report #8 — Travel/photo lid,TRUE,FALSE,,1,1,,,,,,,,1,1,
382,"Wed, 21 Apr 2021 18:26:52 +0000",Ethan Bakuli,Re: Press pool reports for 4/21/21 Burlington visit #4,TRUE,FALSE,,,,,1,1,,,,,1,1,
383,"Wed, 21 Apr 2021 14:04:00 -0400",Jazmine Ulloa,In-town pool report #7 — Biden ends remarks & color,TRUE,FALSE,,1,1,,,,,,,,1,1,
384,"Wed, 21 Apr 2021 13:43:04 -0400",Jazmine Ulloa,In-town pool report #6 — two-minute warning,TRUE,FALSE,,1,1,,,,,,,,1,1,
385,"Wed, 21 Apr 2021 17:38:49 +0000",Ethan Bakuli,Re: Press pool reports for 4/21/21 Burlington visit #3,TRUE,FALSE,,,,,1,1,,,,,1,1,
386,"Wed, 21 Apr 2021 13:17:58 -0400",Jazmine Ulloa,In-town pool report #5 — pool on the move,TRUE,FALSE,,1,1,,,,,,,,1,1,
387,"Wed, 21 Apr 2021 13:16:09 -0400",Jazmine Ulloa,In-town pool report #4 — pool gathering at stakeout location,TRUE,FALSE,,1,1,,,,,,,,1,1,
388,"Wed, 21 Apr 2021 12:26:40 -0400",Jazmine Ulloa,In-town pool report #3 — two-minute warning,TRUE,FALSE,,1,1,,,,,,,,1,1,
389,"Wed, 21 Apr 2021 11:57:19 -0400",Jazmine Ulloa,In-town pool report #2 — pool arrival at WH,TRUE,FALSE,,1,1,,,,,,,,1,1,
390,"Wed, 21 Apr 2021 15:21:47 +0000",Jada Yuan,FLOTUS NM/AZ travel pool #2 - departure Day 1,TRUE,FALSE,,1,1,,1,1,,,,,1,1,
391,"Wed, 21 Apr 2021 13:08:27 +0000",Jada Yuan,FLOTUS NM/AZ travel pool #1 - gathering,TRUE,FALSE,,1,1,,1,1,,,,,1,1,
392,"Wed, 21 Apr 2021 09:02:57 -0400",Jazmine Ulloa,In-town pool report #1 — WH statement on today's remarks,TRUE,FALSE,,1,1,,,,,,,,1,1,
393,"Tue, 20 Apr 2021 23:36:00 +0000",Nikki Schwab,Pool Report No. 19 - speech attendees,TRUE,FALSE,,1,1,,1,1,,,,,1,1,
394,"Tue, 20 Apr 2021 23:33:23 +0000",Nikki Schwab,Pool Report No. 18 - lid,TRUE,FALSE,,1,1,,1,1,,,,,1,1,
395,"Tue, 20 Apr 2021 23:22:56 +0000",Nikki Schwab,Pool Report No. 17 - speech color,TRUE,FALSE,,1,1,,1,1,,,,,1,1,
396,"Tue, 20 Apr 2021 23:06:11 +0000",Nikki Schwab,Pool Report No. 16 - two minute warning,TRUE,FALSE,,1,1,,1,1,,,,,1,1,
397,"Tue, 20 Apr 2021 22:10:11 +0000",Nikki Schwab,Pool Report No. 15 - speech set-up,TRUE,FALSE,, , ,, , ,,,,,1,1,
398,"Tue, 20 Apr 2021 21:50:37 +0000",Nikki Schwab,Pool Report No. 14 - color about the verdict,TRUE,FALSE,,1,1,,1,1,,,,,1,1,
399,"Tue, 20 Apr 2021 21:46:47 +0000",Nikki Schwab,Pool Note No. 1 - For planning purposes only/not reportable,FALSE,TRUE,,,,,,,,,,,1,0,
400,"Fri, 30 Apr 2021 10:25:02 -0400",Morgan Chalfant,Out of town pool report #1,TRUE,FALSE,,1,1,,1,1,,,,,1,1,
401,"Fri, 30 Apr 2021 10:06:47 -0400",Ben Sessoms,SGOTUS in North Carolina pool report #1,TRUE,FALSE,,1,1,,1,1,,,,,1,1,
402,"Fri, 30 Apr 2021 14:02:53 +0000",Taylor W Popielarz,VP pool report #1: JBA,TRUE,FALSE,,,,,,,,,,,1,1,
403,"Fri, 30 Apr 2021 09:56:08 -0400",Steven Thomma,Announcing 2021 WHCA Scholarships,TRUE,FALSE,,,,,,,,,,,1,0,
404,"Fri, 30 Apr 2021 09:12:48 -0400",Ben Sessoms,SGOTUS in North Carolina pool report #1,TRUE,FALSE,,1,1,,1,1,,,,,1,1,
405,"Fri, 30 Apr 2021 01:52:23 +0000",Laura Figueroa,In-town pool report 7 - Travel/photo Lid,TRUE,FALSE,,,,,,,,,,,1,1,
406,"Fri, 30 Apr 2021 01:45:34 +0000",Laura Figueroa,In-Town Pool Report 6 - arrival at WH,TRUE,FALSE,,,,,,,,,,,1,1,
407,"Fri, 30 Apr 2021 01:28:30 +0000",Nikki Schwab,Travel Pool Report No. 18 - JBA,TRUE,FALSE,, , ,, , ,,,,,1,1,
408,"Fri, 30 Apr 2021 01:08:27 +0000",Nikki Schwab,Travel Pool Report No. 17 - longer gaggle quotes,TRUE,FALSE,,1,1,,1,1,,,,,1,1,
409,"Thu, 29 Apr 2021 23:57:04 +0000",Nikki Schwab,Travel Pool Report No. 16 - Dobbins departure,TRUE,FALSE,, , ,, , ,,,,,1,1,
410,"Thu, 29 Apr 2021 23:17:26 +0000",Nikki Schwab,Travel Pool Report No. 15 -  departing Gwinnett County Airport,TRUE,FALSE,,,,,,,,,,,1,1,
411,"Thu, 29 Apr 2021 22:48:01 +0000",Nikki Schwab,Travel Pool Report No. 14 - Capito readout,TRUE,FALSE,,,,,,,,,,,1,1,
412,"Thu, 29 Apr 2021 22:46:16 +0000",Nikki Schwab,Travel Pool Report No. 13 - rally concludes,TRUE,FALSE,,,,,,,,,,,1,1,
413,"Thu, 29 Apr 2021 22:29:22 +0000",Nikki Schwab,Travel Pool Report No. 12 - protesters,TRUE,FALSE,,,,,,,,,,,1,1,
414,"Thu, 29 Apr 2021 22:06:00 +0000",Nikki Schwab,Travel Pool Report No. 11 - rally two-minute warning,TRUE,FALSE,,1,1,,1,1,,,,,1,1,
415,"Thu, 29 Apr 2021 21:42:47 +0000",Nikki Schwab,Travel Pool Report No. 10 - rally details,TRUE,FALSE,,1,1,,1,1,,,,,1,1,
416,"Thu, 29 Apr 2021 21:30:59 +0000",Laura Figueroa,In-Town Pool Report 5 — WH police reform meeting,TRUE,FALSE,,,,,,,,,,,1,1,
417,"Thu, 29 Apr 2021 21:13:56 +0000",Nikki Schwab,Travel Pool Report No. 9 - Infinite Energy Center arrival,TRUE,FALSE,,,,,,,,,,,1,1,
418,"Thu, 29 Apr 2021 20:56:17 +0000",Nikki Schwab,Travel Pool Report No. 8 - arrival at Gwinnett County Airport,TRUE,FALSE,,,,,,,,,,,1,1,
419,"Thu, 29 Apr 2021 15:56:42 -0400",Niels Lesniewski,VP pool report #8 - Marine Two departure from Baltimore,TRUE,FALSE,,1,1,,1,1,,,,,1,1,
420,"Thu, 29 Apr 2021 19:53:11 +0000",Nikki Schwab,Travel Pool Report No. 7 - back to Jimmy Carter Regional,TRUE,FALSE,,,,,,,,,,,1,1,
421,"Thu, 29 Apr 2021 19:21:59 +0000",Nikki Schwab,Travel Pool Report No. 6 - Rosalynn Carter sighting,TRUE,FALSE,,,,,,,,,,,1,1,
422,"Thu, 29 Apr 2021 15:20:40 -0400",Niels Lesniewski,"VP pool report #7 - VP remarks conclude, senior staff and other notes",TRUE,FALSE,,1,1,,1,1,,,,,1,1,
423,"Thu, 29 Apr 2021 15:00:32 -0400",Niels Lesniewski,VP pool report #6 - VP remarks,TRUE,FALSE,,1,1,,1,1,,,,,1,1,
424,"Thu, 29 Apr 2021 14:48:14 -0400",Niels Lesniewski,VP pool report #5 - tour participants,TRUE,FALSE,,1,1,,1,1,,,,,1,1,
425,"Thu, 29 Apr 2021 14:38:07 -0400",Niels Lesniewski,VP pool report #4 - tour concludes. VP remarks upcoming,TRUE,FALSE,,1,1,,1,1,,,,,1,1,
426,"Thu, 29 Apr 2021 18:32:06 +0000",Nikki Schwab,Travel Pool Report No. 5 - arrival at the Carters’ residence,TRUE,FALSE,,,,,,,,,,,1,1,
427,"Thu, 29 Apr 2021 14:12:14 -0400",Niels Lesniewski,VP pool report #3 - At M&T Stadium,TRUE,FALSE,,1,1,,1,1,,,,,1,1,
428,"Thu, 29 Apr 2021 18:00:44 +0000",Nikki Schwab,Travel Pool Report No. 4 - arrival at Jimmy Carter Regional Airport,TRUE,FALSE,,,,,,,,,,,1,1,
429,"Thu, 29 Apr 2021 13:41:13 -0400",Niels Lesniewski,VP pool report #2 - Marine Two arrival,TRUE,FALSE,,1,1,,1,1,,,,,1,1,
430,"Thu, 29 Apr 2021 17:31:36 +0000",Nikki Schwab,Travel Pool Report No. 3 - Lawson Army Airfield arrival,TRUE,FALSE,,,,,,,,,,,1,1,
431,"Thu, 29 Apr 2021 16:06:47 +0000",Laura Figueroa,Intown Pool Report 4 — Gaggle Starting,TRUE,FALSE,,,,,,,,,,,1,1,
432,"Thu, 29 Apr 2021 12:04:49 -0400",Niels Lesniewski,VP pool report #1 - press motorcade to Baltimore,TRUE,FALSE,,1,1,,1,1,,,,,1,1,
433,"Thu, 29 Apr 2021 15:39:44 +0000",Nikki Schwab,Travel Pool Report No. 2 - JBA departure,TRUE,FALSE,,,,,,,,,,,1,1,
434,"Thu, 29 Apr 2021 15:30:45 +0000",Nikki Schwab,Travel Pool Report No. 1 - background info on today’s trip,TRUE,FALSE,,,,,,,,,,,1,1,
435,"Thu, 29 Apr 2021 15:27:13 +0000",Zeke Miller,Expanding White House Access -- Week of May 3,FALSE,FALSE,,,,,,,,,,,1,0,
436,"Thu, 29 Apr 2021 15:23:51 +0000",Laura Figueroa,In-Town Pool Report 3 - Departure/ A Dandelion for FLOTUS,TRUE,FALSE,,,,,,,,,,,1,1,
437,"Thu, 29 Apr 2021 15:15:17 +0000",Laura Figueroa,In-Town Pool Report 2 -Delay/Still waiting,TRUE,FALSE,,,,,,,,,,,1,1,
438,"Thu, 29 Apr 2021 13:45:26 +0000",Laura Figueroa,In-Town Pool Report 1 - Gathering for depature,TRUE,FALSE,,,,,,,,,,,1,1,
439,"Wed, 28 Apr 2021 22:49:38 -0400",Zach Cohen,In-town pool report #9: WH arrival/lid,TRUE,FALSE,,1,1,,1,1,,1,,1,1,1,
440,"Wed, 28 Apr 2021 22:37:54 -0400",Zach Cohen,In-town pool report #8: en route back to the White House,TRUE,FALSE,,1,1,,1,1,,1,,1,1,1,
441,"Wed, 28 Apr 2021 22:22:17 -0400",Zach Cohen,In-town pool report #7: POTUS/FLOTUS meeting with Capitol employees,TRUE,FALSE,,1,1,,1,1,,1,,1,1,1,
442,"Wed, 28 Apr 2021 21:09:47 -0400",Zach Cohen,In-town pool report: POTUS begins address,TRUE,FALSE,,1,1,,1,1,,1,,1,1,1,
443,"Wed, 28 Apr 2021 21:04:10 -0400",Zach Cohen,In-town pool report #5: POTUS/Escort Committee photo op,TRUE,FALSE,,1,1,,1,1,,1,,1,1,1,
444,"Wed, 28 Apr 2021 20:58:10 -0400",Zach Cohen,In-town pool report #4: POTUS/FLOTUS pre-speech meeting with Capitol security leadership,TRUE,FALSE,,1,1,,1,1,,1,,1,1,1,
445,"Wed, 28 Apr 2021 20:42:50 -0400",Zach Cohen,In-town pool report #3:,TRUE,FALSE,,1,1,,1,1,,1,,1,1,1,
446,"Wed, 28 Apr 2021 20:31:02 -0400",Zach Cohen,In-town pool report #2: en route to the Capitol,TRUE,FALSE,,1,1,,1,1,,1,,1,1,1,
447,"Wed, 28 Apr 2021 12:22:59 -0400",Zach Cohen,In-town pool report #1: check-in/lid,TRUE,FALSE,,1,1,,1,1,,1,,1,1,1,
448,"Wed, 28 Apr 2021 15:32:26 +0000",Zeke Miller,White House press office May schedule,FALSE,FALSE,,,,,,,,,,,1,0,
449,"Tue, 27 Apr 2021 16:22:00 -0400",Christian Datoc,VP pool report #5 — the stage and additional colors,TRUE,FALSE,,,,,1,1,,1,,1,1,1,
450,"Tue, 27 Apr 2021 16:10:14 -0400",Christian Datoc,VP pool report #4 — ushered out after opening remarks,TRUE,FALSE,,,,,1,1,,1,,1,1,1,
451,"Tue, 27 Apr 2021 16:07:54 -0400",Christian Datoc,VP pool report # 3 — opening remarks,TRUE,FALSE,,,,,1,1,,1,,1,1,1,
452,"Tue, 27 Apr 2021 16:02:12 -0400",Christian Datoc,VP pool report #2 — roundtable underway,TRUE,FALSE,,,,,1,1,,1,,1,1,1,
453,"Tue, 27 Apr 2021 15:52:16 -0400",Christian Datoc,VP pool report #1 — in position for VP’s virtual round table,TRUE,FALSE,,,,, , ,, , , ,1,1,
454,"Tue, 27 Apr 2021 15:40:33 -0400",Francesca Chambers,In town-pool report #8: travel/photo lid,TRUE,FALSE,,,,,1,1,,,,,1,1,
455,"Tue, 27 Apr 2021 14:40:01 -0400",Francesca Chambers,In-town pool report #7: briefing ongoing,TRUE,FALSE,,,,,1,1,,,,,1,1,
456,"Tue, 27 Apr 2021 14:23:11 -0400",Francesca Chambers,"In-town pool report #6: Biden takes questions, walks away maskless",TRUE,FALSE,,,,,1,1,,,,,1,1,
457,"Tue, 27 Apr 2021 13:57:32 -0400",Francesca Chambers,In-town pool report: #5: Biden remarks color,TRUE,FALSE,,,,, , ,,,,,1,1,
458,"Tue, 27 Apr 2021 13:10:45 -0400",Francesca Chambers,In-town pool report #4: another schedule change,TRUE,FALSE,,,,,1,1,,,,,1,1,
459,"Tue, 27 Apr 2021 12:50:42 -0400",Francesca Chambers,In-town pool report #3: press briefing moved to 2pm,TRUE,FALSE,,,,,1,1,,,,,1,1,
460,"Tue, 27 Apr 2021 12:45:55 -0400",Francesca Chambers,In-town travel pool report #2: Lunch lid until 12:55 pm,TRUE,FALSE,,,,,1,1,,,,,1,1,
461,"Tue, 27 Apr 2021 11:06:56 -0400",Francesca Chambers,In-Town Pool Report: #1 checking in,TRUE,FALSE,,,,,1,1,,,,,1,1,
462,"Mon, 26 Apr 2021 21:01:11 +0000",Bricio Segovia,VP Foreign Pool Report #5: More Color + Photos,TRUE,FALSE,,1,1,,,,,,,,1,1,
463,"Mon, 26 Apr 2021 20:42:41 +0000",Suzanne Lynch,VP Pool Report #4 (Final pool report - full transcript),TRUE,FALSE,,1,1,,,,,,,,1,1,
464,"Mon, 26 Apr 2021 20:39:48 +0000",Bricio Segovia,"VP Foreign Pool Report #4: Bilateral starts, pool is out",TRUE,FALSE,,1,1,,,,,,,,1,1,
465,"Mon, 26 Apr 2021 20:16:04 +0000",Suzanne Lynch,VP pool report #3,TRUE,FALSE,,1,1,,,,,,,,1,1,
466,"Mon, 26 Apr 2021 20:03:32 +0000",Bricio Segovia,VP Foreign Pool Report #3: Meeting participants,TRUE,FALSE,,1,1,,,,,,,,1,1,
467,"Mon, 26 Apr 2021 15:56:34 -0400",Bricio Segovia,VP Foreign Pool Report #2: Pool holding,TRUE,FALSE,,1,1,,,,,,,,1,1,
468,"Mon, 26 Apr 2021 20:00:29 +0000",Suzanne Lynch,VP Pool Report #2,TRUE,FALSE,,1,1,,,,,,,,1,1,
469,"Mon, 26 Apr 2021 19:42:44 +0000",Bricio Segovia,VP Foreign Pool Report #1: Checking-in,TRUE,FALSE,,1,1,,,,,,,,1,1,
470,"Mon, 26 Apr 2021 19:24:52 +0000",Christopher Megerian,In-town pool #5 — Lid,TRUE,FALSE,,,,,,,,,,,1,1,
471,"Mon, 26 Apr 2021 19:16:40 +0000",Suzanne Lynch,VP Pool Report #1,TRUE,FALSE,,1,1,,,,,,,,1,1,
472,"Mon, 26 Apr 2021 18:23:36 +0000",Christopher Megerian,In-town pool report #4,TRUE,FALSE,,,,,,,,,,,1,1,
473,"Mon, 26 Apr 2021 17:23:17 +0000",Christopher Megerian,In-town pool report #3 — Two minute warning for briefing,TRUE,FALSE,,,,,,,,,,,1,1,
474,"Mon, 26 Apr 2021 15:22:52 +0000",Christopher Megerian,In-town pool report #2,TRUE,FALSE,,,,,,,,,,,1,1,
475,"Mon, 26 Apr 2021 14:00:35 +0000",Christopher Megerian,In-town pool report #1,TRUE,FALSE,,,,,,,,,,,1,1,
476,"Mon, 26 Apr 2021 00:09:50 +0000",Tamara Keith,OTR/FPPO White House Week Ahead Week of 04/26/2021,FALSE,TRUE,,,,,,,,,,,1,0,
477,"Sun, 25 Apr 2021 16:42:14 -0700",Shirish Date,WH pool report 2,TRUE,FALSE,,1,1,,,,,,,,1,1,
478,"Sun, 25 Apr 2021 16:35:20 -0700",Shirish Date,WH pool report 1a,TRUE,FALSE,,1,1,,,,,,,,1,1,
479,"Sun, 25 Apr 2021 16:33:00 -0700",Shirish Date,WH pool report 1,TRUE,FALSE,,1,1,,,,,,,,1,1,
480,"Sun, 25 Apr 2021 18:33:49 -0400",Linda Feldmann,Travel pool report 6 - M1 departing,TRUE,FALSE,,1,1,,1,1,,,,,1,1,
481,"Sun, 25 Apr 2021 18:29:07 -0400",Linda Feldmann,Travel pool report 5 - arrival at DANG,TRUE,FALSE,,1,1,,1,1,,,,,1,1,
482,"Sun, 25 Apr 2021 18:19:43 -0400",Linda Feldmann,Travel pool report 4 - rolling for DANG,TRUE,FALSE,,1,1,,1,1,,,,,1,1,
483,"Sun, 25 Apr 2021 17:21:22 -0400",Linda Feldmann,Travel pool report 3 - pool in position,TRUE,FALSE,,1,1,,1,1,,,,,1,1,
484,"Sun, 25 Apr 2021 13:44:26 -0400",Linda Feldmann,Travel pool report 2 - lunch lid till 4:30,TRUE,FALSE,,1,1,,1,1,,,,,1,1,
485,"Sun, 25 Apr 2021 09:55:08 -0400",Linda Feldmann,"Travel pool report 1 - checking in, somewhat earlier return",TRUE,FALSE,,1,1,,1,1,,,,,1,1,
486,"Sat, 24 Apr 2021 17:30:46 -0400",Linda Feldmann,Travel pool report 12a - pic of POTUS and sister Valerie outside church,TRUE,FALSE,,1,1,,1,1,,,,,1,1,
487,"Sat, 24 Apr 2021 17:21:38 -0400",Linda Feldmann,Travel pool report 12 - travel/photo lid,TRUE,FALSE,,1,1,,1,1,,,,,1,1,
488,"Sat, 24 Apr 2021 17:12:47 -0400",Linda Feldmann,Travel pool report 11 - return to residence,TRUE,FALSE,,1,1,,1,1,,,,,1,1,
489,"Sat, 24 Apr 2021 17:04:02 -0400",Linda Feldmann,Fwd: Travel pool report 11 -,TRUE,FALSE,,1,1,,1,1,,,,,1,1,
490,"Sat, 24 Apr 2021 17:02:39 -0400",Linda Feldmann,Travel pool report 11 -,TRUE,FALSE,,1,1,,1,1,,,,,1,1,
491,"Sat, 24 Apr 2021 17:01:05 -0400",Linda Feldmann,Travel pool report 10 - leaving church,TRUE,FALSE,,1,1,,1,1,,,,,1,1,
492,"Sat, 24 Apr 2021 16:10:31 -0400",Linda Feldmann,Travel pool report 9 - church,TRUE,FALSE,,1,1,,1,1,,,,,1,1,
493,"Sat, 24 Apr 2021 16:04:27 -0400",Linda Feldmann,Travel pool report 8 - on the move,TRUE,FALSE,,1,1,,1,1,,,,,1,1,
494,"Sat, 24 Apr 2021 14:01:23 -0400",Linda Feldmann,Travel pool report 7 - Lunch lid extended to 2:30,TRUE,FALSE,,1,1,,1,1,,,,,1,1,
495,"Sat, 24 Apr 2021 12:50:00 -0400",Linda Feldmann,Travel pool report 6 - lunch lid now till 2 pm,TRUE,FALSE,,1,1,,1,1,,,,,1,1,
496,"Sat, 24 Apr 2021 11:48:32 -0400",Linda Feldmann,Travel pool report 5 - lunch lid/ pix,TRUE,FALSE,,1,1,,1,1,,,,,1,1,
497,"Sat, 24 Apr 2021 11:33:14 -0400",Linda Feldmann,Travel pool report 4 - drop off at residence,TRUE,FALSE,,1,1,,1,1,,,,,1,1,
498,"Sat, 24 Apr 2021 11:19:11 -0400",Linda Feldmann,Travel pool report 3 - greeter at DANG,TRUE,FALSE,,1,1,,1,1,,,,,1,1,
499,"Sat, 24 Apr 2021 11:10:37 -0400",Linda Feldmann,Travel pool report 2 - Marine One lands New Castle,TRUE,FALSE,,1,1,,1,1,,,,,1,1,
500,"Fri, 30 Apr 2021 17:25:00 -0400",Ben Sessoms,SGOTUS in North Carolina pool report #11: pictures and captions,TRUE,FALSE,,1,1,,1,1,,,,,1,1,
501,"Fri, 30 Apr 2021 17:17:19 -0400",Ben Sessoms,SGOTUS in North Carolina pool report #10: CORRECTION on report #9,TRUE,FALSE,,1,1,,1,1,,,,,1,1,
502,"Fri, 30 Apr 2021 21:00:16 +0000",Taylor W Popielarz,VP pool report #8: Back at JBA,TRUE,FALSE,,1,1,,,,,,,,1,1,
503,"Fri, 30 Apr 2021 20:33:43 +0000",Zeke Miller,WHCA COVID-19 Update (action requested),FALSE,FALSE,,,,,,,,,,,1,0,
504,"Fri, 30 Apr 2021 16:30:48 -0400",Ben Sessoms,SGOTUS in North Carolina pool report #9,TRUE,FALSE,,1,1,,1,1,,,,,1,1,
505,"Fri, 30 Apr 2021 16:27:13 -0400",Morgan Chalfant,out of town pool report #18 --travel/photo lid,TRUE,FALSE,,1,1,,1,1,,,,,1,1,
506,"Fri, 30 Apr 2021 16:20:00 -0400",Morgan Chalfant,Out of town pool report #17,TRUE,FALSE,,1,1,,1,1,,,,,1,1,
507,"Fri, 30 Apr 2021 15:37:28 -0400",Morgan Chalfant,out of town pool report #16,TRUE,FALSE,,1,1,,1,1,,,,,1,1,
508,"Fri, 30 Apr 2021 19:33:56 +0000",Taylor W Popielarz,VP pool report #7: Back at airport/India statement,TRUE,FALSE,,1,1,,,,,,,,1,1,
509,"Fri, 30 Apr 2021 15:33:37 -0400",Morgan Chalfant,Out of town pool report #15 -- rolling,TRUE,FALSE,,1,1,,1,1,,,,,1,1,
510,"Fri, 30 Apr 2021 15:24:51 -0400",Morgan Chalfant,Out of town pool report #14 — correction to previous report,TRUE,FALSE,,1,1,,1,1,,,,,1,1,
511,"Fri, 30 Apr 2021 15:16:53 -0400",Morgan Chalfant,Out of town pool report #13,TRUE,FALSE,,1,1,,1,1,,,,,1,1,
512,"Fri, 30 Apr 2021 19:00:36 +0000",Taylor W Popielarz,VP pool report #6: Coffee shop stop,TRUE,FALSE,,1,1,,,,,,,,1,1,
513,"Fri, 30 Apr 2021 14:56:50 -0400",Morgan Chalfant,Out of town pool report #12 — Biden speaking,TRUE,FALSE,,1,1,,1,1,,,,,1,1,
514,"Fri, 30 Apr 2021 14:45:35 -0400",Morgan Chalfant,Out of town pool report #11 - two min warning,TRUE,FALSE,,1,1,,1,1,,,,,1,1,
515,"Fri, 30 Apr 2021 14:44:17 -0400",Morgan Chalfant,Out of town pool report #10,TRUE,FALSE,,1,1,,1,1,,,,,1,1,
516,"Fri, 30 Apr 2021 14:32:32 -0400",Morgan Chalfant,Out of town pool report #9 — event site,TRUE,FALSE,,1,1,,1,1,,,,,1,1,
517,"Fri, 30 Apr 2021 14:22:57 -0400",Morgan Chalfant,Out of town pool report #8 - NEWS on India travel restrictions,TRUE,FALSE,,1,1,,1,1,,,,,1,1,
518,"Fri, 30 Apr 2021 18:18:36 +0000",Taylor W Popielarz,VP pool report #5: Transcript of Harris Q&A,TRUE,FALSE,,1,1,,,,,,,,1,1,
519,"Fri, 30 Apr 2021 14:17:17 -0400",Morgan Chalfant,Out of town pool report #7,TRUE,FALSE,,1,1,,1,1,,,,,1,1,
520,"Fri, 30 Apr 2021 14:00:25 -0400",Ben Sessoms,SGOTUS in North Carolina pool report #8,TRUE,FALSE,,1,1,,1,1,,,,,1,1,
521,"Fri, 30 Apr 2021 13:52:20 -0400",Morgan Chalfant,Out of town pool report #6,TRUE,FALSE,,1,1,,1,1,,,,,1,1,
522,"Fri, 30 Apr 2021 17:48:52 +0000",Taylor W Popielarz,VP pool report #4: Roundtable over/Harris took Qs,TRUE,FALSE,,1,1,,,,,,,,1,1,
523,"Fri, 30 Apr 2021 13:39:21 -0400",Morgan Chalfant,Out of town pool report #5 — arrival in Philadelphia,TRUE,FALSE,,1,1,,1,1,,,,,1,1,
524,"Fri, 30 Apr 2021 13:06:26 -0400",Morgan Chalfant,Out of town pool report #4,TRUE,FALSE,,1,1,,1,1,,,,,1,1,
525,"Fri, 30 Apr 2021 13:05:29 -0400",Morgan Chalfant,Out of town pool report #3,TRUE,FALSE,,1,1,,1,1,,,,,1,1,
526,"Fri, 30 Apr 2021 13:03:44 -0400",Ben Sessoms,SGOTUS in North Carolina pool report #7,TRUE,FALSE,,1,1,,1,1,,,,,1,1,
527,"Fri, 30 Apr 2021 13:03:06 -0400",Morgan Chalfant,Out of town pool report #2,TRUE,FALSE,,1,1,,1,1,,,,,1,1,
528,"Fri, 30 Apr 2021 13:02:22 -0400",Steven Nelson,Pool Report 4/JBA,TRUE,FALSE,,1,1,,,,,,,,1,1,
529,"Fri, 30 Apr 2021 16:37:44 +0000",Taylor W Popielarz,VP pool report #3: Arrival at roundtable,TRUE,FALSE,,1,1,,,,,,,,1,1,
530,"Fri, 30 Apr 2021 12:36:27 -0400",Steven Nelson,Pool Report 3/Motorcade rolling,TRUE,FALSE,,1,1,,,,,,,,1,1,
531,"Fri, 30 Apr 2021 12:27:21 -0400",Steven Nelson,Pool Report 2/Still waiting,TRUE,FALSE,,1,1,,,,,,,,1,1,
532,"Fri, 30 Apr 2021 11:59:24 -0400",Ben Sessoms,SGOTUS in North Carolina pool report #6,TRUE,FALSE,,1,1,,1,1,,,,,1,1,
533,"Fri, 30 Apr 2021 15:59:09 +0000",Taylor W Popielarz,VP pool report #2: Arrival in Cincinnati,TRUE,FALSE,,1,1,,,,,,,,1,1,
534,"Fri, 30 Apr 2021 11:14:33 -0400",Ben Sessoms,SGOTUS in North Carolina pool report #5,TRUE,FALSE,,1,1,,1,1,,,,,1,1,
535,"Fri, 30 Apr 2021 11:00:51 -0400",Steven Nelson,Pool Report 1/Bad weather call,TRUE,FALSE,,1,1,,,,,,,,1,1,
536,"Fri, 30 Apr 2021 10:57:11 -0400",Ben Sessoms,SGOTUS in North Carolina pool report #4,TRUE,FALSE,,1,1,,1,1,,,,,1,1,
537,"Fri, 30 Apr 2021 14:36:14 +0000",Emily Goodin,FLOTUS Pool report #1 - tree planting on the North Lawn,TRUE,FALSE,,1,1,,,,,,,,1,1,
538,"Fri, 30 Apr 2021 10:32:34 -0400",Ben Sessoms,SGOTUS in North Carolina pool report #3,TRUE,FALSE,,1,1,,1,1,,,,,1,1,
539,"Fri, 30 Apr 2021 10:25:40 -0400",Ben Sessoms,SGOTUS in North Carolina pool report #2,TRUE,FALSE,,1,1,,1,1,,,,,1,1,